run,precision_alpha_0.1,precision_alpha_0.25,name
0,0.36844694936482375,0.37399355877616747,df_precision_cc_w_demo_ip
1,0.3684187002771074,0.3739161526772146,df_precision_cc_w_demo_ip
2,0.36824415165367036,0.37398046069732005,df_precision_cc_w_demo_ip
3,0.3684304772137165,0.37416062315337095,df_precision_cc_w_demo_ip
4,0.36844694936482375,0.37399355877616747,df_precision_cc_w_demo_ip
5,0.3684304772137165,0.37416062315337095,df_precision_cc_w_demo_ip
6,0.3684399068601111,0.3741715923338707,df_precision_cc_w_demo_ip
7,0.3682795698924731,0.37401433691756275,df_precision_cc_w_demo_ip
8,0.3684210526315789,0.37406015037593987,df_precision_cc_w_demo_ip
9,0.3684399068601111,0.3741715923338707,df_precision_cc_w_demo_ip
10,0.36808357994798674,0.3738229755178908,df_precision_cc_w_demo_ip
11,0.3682795698924731,0.37401433691756275,df_precision_cc_w_demo_ip
12,0.3680480803731611,0.37378902045209905,df_precision_cc_w_demo_ip
13,0.36842811158798283,0.3738823319027182,df_precision_cc_w_demo_ip
14,0.3680854885057471,0.3736979166666667,df_precision_cc_w_demo_ip
15,0.3684399068601111,0.3741715923338707,df_precision_cc_w_demo_ip
16,0.3684399068601111,0.3741715923338707,df_precision_cc_w_demo_ip
17,0.36824415165367036,0.37398046069732005,df_precision_cc_w_demo_ip
18,0.3680742334588488,0.3738120853505469,df_precision_cc_w_demo_ip
19,0.3684399068601111,0.3741715923338707,df_precision_cc_w_demo_ip
20,0.3682701782674908,0.3740034041028397,df_precision_cc_w_demo_ip
21,0.36824415165367036,0.37398046069732005,df_precision_cc_w_demo_ip
22,0.3684399068601111,0.3741715923338707,df_precision_cc_w_demo_ip
23,0.3684445635665148,0.3738497275082641,df_precision_cc_w_demo_ip
24,0.3684304772137165,0.37416062315337095,df_precision_cc_w_demo_ip
25,0.3684210526315789,0.37406015037593987,df_precision_cc_w_demo_ip
26,0.3682701782674908,0.3740034041028397,df_precision_cc_w_demo_ip
27,0.3682701782674908,0.3740034041028397,df_precision_cc_w_demo_ip
28,0.3682701782674908,0.3740034041028397,df_precision_cc_w_demo_ip
29,0.36843752794919954,0.37389321169841694,df_precision_cc_w_demo_ip
30,0.3684210526315789,0.37406015037593987,df_precision_cc_w_demo_ip
31,0.36842811158798283,0.3738823319027182,df_precision_cc_w_demo_ip
32,0.3684210526315789,0.37406015037593987,df_precision_cc_w_demo_ip
33,0.3684399068601111,0.3741715923338707,df_precision_cc_w_demo_ip
34,0.3684399068601111,0.3741715923338707,df_precision_cc_w_demo_ip
35,0.3684187002771074,0.3739161526772146,df_precision_cc_w_demo_ip
36,0.3684304772137165,0.37416062315337095,df_precision_cc_w_demo_ip
37,0.3681471511888739,0.37388963660834457,df_precision_cc_w_demo_ip
38,0.3684210526315789,0.37406015037593987,df_precision_cc_w_demo_ip
39,0.3684187002771074,0.3739161526772146,df_precision_cc_w_demo_ip
40,0.36808357994798674,0.3738229755178908,df_precision_cc_w_demo_ip
41,0.3680480803731611,0.37378902045209905,df_precision_cc_w_demo_ip
42,0.3684187002771074,0.3739161526772146,df_precision_cc_w_demo_ip
43,0.3684304772137165,0.37416062315337095,df_precision_cc_w_demo_ip
44,0.3684210526315789,0.37406015037593987,df_precision_cc_w_demo_ip
45,0.3684304772137165,0.37416062315337095,df_precision_cc_w_demo_ip
46,0.36844694936482375,0.37399355877616747,df_precision_cc_w_demo_ip
47,0.36824415165367036,0.37398046069732005,df_precision_cc_w_demo_ip
48,0.3684399068601111,0.3741715923338707,df_precision_cc_w_demo_ip
49,0.3684210526315789,0.37406015037593987,df_precision_cc_w_demo_ip
50,0.3680742334588488,0.3738120853505469,df_precision_cc_w_demo_ip
51,0.3684399068601111,0.3741715923338707,df_precision_cc_w_demo_ip
52,0.3680761289164198,0.37368704551575543,df_precision_cc_w_demo_ip
53,0.3682795698924731,0.37401433691756275,df_precision_cc_w_demo_ip
54,0.3684304772137165,0.37416062315337095,df_precision_cc_w_demo_ip
55,0.3684703991427806,0.3738726672024288,df_precision_cc_w_demo_ip
56,0.3684399068601111,0.3741715923338707,df_precision_cc_w_demo_ip
57,0.3684304772137165,0.37416062315337095,df_precision_cc_w_demo_ip
58,0.36808357994798674,0.3738229755178908,df_precision_cc_w_demo_ip
59,0.3684187002771074,0.3739161526772146,df_precision_cc_w_demo_ip
60,0.36824415165367036,0.37398046069732005,df_precision_cc_w_demo_ip
61,0.3684304772137165,0.37416062315337095,df_precision_cc_w_demo_ip
62,0.3680742334588488,0.3738120853505469,df_precision_cc_w_demo_ip
63,0.3682701782674908,0.3740034041028397,df_precision_cc_w_demo_ip
64,0.36841163310961966,0.37395973154362416,df_precision_cc_w_demo_ip
65,0.3682701782674908,0.3740034041028397,df_precision_cc_w_demo_ip
66,0.3684399068601111,0.3741715923338707,df_precision_cc_w_demo_ip
67,0.3682795698924731,0.37401433691756275,df_precision_cc_w_demo_ip
68,0.3682795698924731,0.37401433691756275,df_precision_cc_w_demo_ip
69,0.36841163310961966,0.37395973154362416,df_precision_cc_w_demo_ip
70,0.3680854885057471,0.3736979166666667,df_precision_cc_w_demo_ip
71,0.3684304772137165,0.37416062315337095,df_precision_cc_w_demo_ip
72,0.3684399068601111,0.3741715923338707,df_precision_cc_w_demo_ip
73,0.3684304772137165,0.37416062315337095,df_precision_cc_w_demo_ip
74,0.3682701782674908,0.3740034041028397,df_precision_cc_w_demo_ip
75,0.3682795698924731,0.37401433691756275,df_precision_cc_w_demo_ip
76,0.3682795698924731,0.37401433691756275,df_precision_cc_w_demo_ip
77,0.3684399068601111,0.3741715923338707,df_precision_cc_w_demo_ip
78,0.3684210526315789,0.37406015037593987,df_precision_cc_w_demo_ip
79,0.3682701782674908,0.3740034041028397,df_precision_cc_w_demo_ip
80,0.3682701782674908,0.3740034041028397,df_precision_cc_w_demo_ip
81,0.3684399068601111,0.3741715923338707,df_precision_cc_w_demo_ip
82,0.36808357994798674,0.3738229755178908,df_precision_cc_w_demo_ip
83,0.3682701782674908,0.3740034041028397,df_precision_cc_w_demo_ip
84,0.3680761289164198,0.37368704551575543,df_precision_cc_w_demo_ip
85,0.36824415165367036,0.37398046069732005,df_precision_cc_w_demo_ip
86,0.3684399068601111,0.3741715923338707,df_precision_cc_w_demo_ip
87,0.36842811158798283,0.3738823319027182,df_precision_cc_w_demo_ip
88,0.36824415165367036,0.37398046069732005,df_precision_cc_w_demo_ip
89,0.36841163310961966,0.37395973154362416,df_precision_cc_w_demo_ip
90,0.36844694936482375,0.37399355877616747,df_precision_cc_w_demo_ip
91,0.36842811158798283,0.3738823319027182,df_precision_cc_w_demo_ip
92,0.3680742334588488,0.3738120853505469,df_precision_cc_w_demo_ip
93,0.3684210526315789,0.37406015037593987,df_precision_cc_w_demo_ip
94,0.3684304772137165,0.37416062315337095,df_precision_cc_w_demo_ip
95,0.36844694936482375,0.37399355877616747,df_precision_cc_w_demo_ip
96,0.36841163310961966,0.37395973154362416,df_precision_cc_w_demo_ip
97,0.36843752794919954,0.37389321169841694,df_precision_cc_w_demo_ip
98,0.36808357994798674,0.3738229755178908,df_precision_cc_w_demo_ip
99,0.3682701782674908,0.3740034041028397,df_precision_cc_w_demo_ip
0,0.37260690642333155,0.3784219001610306,df_precision_cc_wo_demo_ip
1,0.3726200053633682,0.3783409314382766,df_precision_cc_wo_demo_ip
2,0.37263601326521467,0.37891010128170655,df_precision_cc_wo_demo_ip
3,0.37254901960784315,0.37859253290357237,df_precision_cc_wo_demo_ip
4,0.37260690642333155,0.3784219001610306,df_precision_cc_wo_demo_ip
5,0.37254901960784315,0.37859253290357237,df_precision_cc_wo_demo_ip
6,0.3725595557943758,0.37860469281748166,df_precision_cc_wo_demo_ip
7,0.3726254480286738,0.3788082437275986,df_precision_cc_wo_demo_ip
8,0.37253848907984244,0.3784908700322234,df_precision_cc_wo_demo_ip
9,0.3725595557943758,0.37860469281748166,df_precision_cc_wo_demo_ip
10,0.37261232176486414,0.37875526858577707,df_precision_cc_wo_demo_ip
11,0.3726254480286738,0.3788082437275986,df_precision_cc_wo_demo_ip
12,0.37262289199856474,0.37876749192680303,df_precision_cc_wo_demo_ip
13,0.37258583690987124,0.3783082975679542,df_precision_cc_wo_demo_ip
14,0.37257543103448276,0.3786817528735632,df_precision_cc_wo_demo_ip
15,0.3725595557943758,0.37860469281748166,df_precision_cc_wo_demo_ip
16,0.3725595557943758,0.37860469281748166,df_precision_cc_wo_demo_ip
17,0.37263601326521467,0.37891010128170655,df_precision_cc_wo_demo_ip
18,0.37260175721714184,0.3787430518199749,df_precision_cc_wo_demo_ip
19,0.3725595557943758,0.37860469281748166,df_precision_cc_wo_demo_ip
20,0.37252530681716384,0.3787064409208994,df_precision_cc_wo_demo_ip
21,0.37263601326521467,0.37891010128170655,df_precision_cc_wo_demo_ip
22,0.3725595557943758,0.37860469281748166,df_precision_cc_wo_demo_ip
23,0.3725096042169213,0.37827213436969537,df_precision_cc_wo_demo_ip
24,0.37254901960784315,0.37859253290357237,df_precision_cc_wo_demo_ip
25,0.37253848907984244,0.3784908700322234,df_precision_cc_wo_demo_ip
26,0.37252530681716384,0.3787064409208994,df_precision_cc_wo_demo_ip
27,0.37252530681716384,0.3787064409208994,df_precision_cc_wo_demo_ip
28,0.37252530681716384,0.3787064409208994,df_precision_cc_wo_demo_ip
29,0.3725963688399964,0.37832036490474913,df_precision_cc_wo_demo_ip
30,0.37253848907984244,0.3784908700322234,df_precision_cc_wo_demo_ip
31,0.37258583690987124,0.3783082975679542,df_precision_cc_wo_demo_ip
32,0.37253848907984244,0.3784908700322234,df_precision_cc_wo_demo_ip
33,0.3725595557943758,0.37860469281748166,df_precision_cc_wo_demo_ip
34,0.3725595557943758,0.37860469281748166,df_precision_cc_wo_demo_ip
35,0.3726200053633682,0.3783409314382766,df_precision_cc_wo_demo_ip
36,0.37254901960784315,0.37859253290357237,df_precision_cc_wo_demo_ip
37,0.37263346792283536,0.37873485868102286,df_precision_cc_wo_demo_ip
38,0.37253848907984244,0.3784908700322234,df_precision_cc_wo_demo_ip
39,0.3726200053633682,0.3783409314382766,df_precision_cc_wo_demo_ip
40,0.37261232176486414,0.37875526858577707,df_precision_cc_wo_demo_ip
41,0.37262289199856474,0.37876749192680303,df_precision_cc_wo_demo_ip
42,0.3726200053633682,0.3783409314382766,df_precision_cc_wo_demo_ip
43,0.37254901960784315,0.37859253290357237,df_precision_cc_wo_demo_ip
44,0.37253848907984244,0.3784908700322234,df_precision_cc_wo_demo_ip
45,0.37254901960784315,0.37859253290357237,df_precision_cc_wo_demo_ip
46,0.37260690642333155,0.3784219001610306,df_precision_cc_wo_demo_ip
47,0.37263601326521467,0.37891010128170655,df_precision_cc_wo_demo_ip
48,0.3725595557943758,0.37860469281748166,df_precision_cc_wo_demo_ip
49,0.37253848907984244,0.3784908700322234,df_precision_cc_wo_demo_ip
50,0.37260175721714184,0.3787430518199749,df_precision_cc_wo_demo_ip
51,0.3725595557943758,0.37860469281748166,df_precision_cc_wo_demo_ip
52,0.3725648621958883,0.37866953945596554,df_precision_cc_wo_demo_ip
53,0.3726254480286738,0.3788082437275986,df_precision_cc_wo_demo_ip
54,0.37254901960784315,0.37859253290357237,df_precision_cc_wo_demo_ip
55,0.37253326189838376,0.378203411018841,df_precision_cc_wo_demo_ip
56,0.3725595557943758,0.37860469281748166,df_precision_cc_wo_demo_ip
57,0.37254901960784315,0.37859253290357237,df_precision_cc_wo_demo_ip
58,0.37261232176486414,0.37875526858577707,df_precision_cc_wo_demo_ip
59,0.3726200053633682,0.3783409314382766,df_precision_cc_wo_demo_ip
60,0.37263601326521467,0.37891010128170655,df_precision_cc_wo_demo_ip
61,0.37254901960784315,0.37859253290357237,df_precision_cc_wo_demo_ip
62,0.37260175721714184,0.3787430518199749,df_precision_cc_wo_demo_ip
63,0.37252530681716384,0.3787064409208994,df_precision_cc_wo_demo_ip
64,0.37257270693512307,0.37838926174496645,df_precision_cc_wo_demo_ip
65,0.37252530681716384,0.3787064409208994,df_precision_cc_wo_demo_ip
66,0.3725595557943758,0.37860469281748166,df_precision_cc_wo_demo_ip
67,0.3726254480286738,0.3788082437275986,df_precision_cc_wo_demo_ip
68,0.3726254480286738,0.3788082437275986,df_precision_cc_wo_demo_ip
69,0.37257270693512307,0.37838926174496645,df_precision_cc_wo_demo_ip
70,0.37257543103448276,0.3786817528735632,df_precision_cc_wo_demo_ip
71,0.37254901960784315,0.37859253290357237,df_precision_cc_wo_demo_ip
72,0.3725595557943758,0.37860469281748166,df_precision_cc_wo_demo_ip
73,0.37254901960784315,0.37859253290357237,df_precision_cc_wo_demo_ip
74,0.37252530681716384,0.3787064409208994,df_precision_cc_wo_demo_ip
75,0.3726254480286738,0.3788082437275986,df_precision_cc_wo_demo_ip
76,0.3726254480286738,0.3788082437275986,df_precision_cc_wo_demo_ip
77,0.3725595557943758,0.37860469281748166,df_precision_cc_wo_demo_ip
78,0.37253848907984244,0.3784908700322234,df_precision_cc_wo_demo_ip
79,0.37252530681716384,0.3787064409208994,df_precision_cc_wo_demo_ip
80,0.37252530681716384,0.3787064409208994,df_precision_cc_wo_demo_ip
81,0.3725595557943758,0.37860469281748166,df_precision_cc_wo_demo_ip
82,0.37261232176486414,0.37875526858577707,df_precision_cc_wo_demo_ip
83,0.37252530681716384,0.3787064409208994,df_precision_cc_wo_demo_ip
84,0.3725648621958883,0.37866953945596554,df_precision_cc_wo_demo_ip
85,0.37263601326521467,0.37891010128170655,df_precision_cc_wo_demo_ip
86,0.3725595557943758,0.37860469281748166,df_precision_cc_wo_demo_ip
87,0.37258583690987124,0.3783082975679542,df_precision_cc_wo_demo_ip
88,0.37263601326521467,0.37891010128170655,df_precision_cc_wo_demo_ip
89,0.37257270693512307,0.37838926174496645,df_precision_cc_wo_demo_ip
90,0.37260690642333155,0.3784219001610306,df_precision_cc_wo_demo_ip
91,0.37258583690987124,0.3783082975679542,df_precision_cc_wo_demo_ip
92,0.37260175721714184,0.3787430518199749,df_precision_cc_wo_demo_ip
93,0.37253848907984244,0.3784908700322234,df_precision_cc_wo_demo_ip
94,0.37254901960784315,0.37859253290357237,df_precision_cc_wo_demo_ip
95,0.37260690642333155,0.3784219001610306,df_precision_cc_wo_demo_ip
96,0.37257270693512307,0.37838926174496645,df_precision_cc_wo_demo_ip
97,0.3725963688399964,0.37832036490474913,df_precision_cc_wo_demo_ip
98,0.37261232176486414,0.37875526858577707,df_precision_cc_wo_demo_ip
99,0.37252530681716384,0.3787064409208994,df_precision_cc_wo_demo_ip
0,0.5534532116657721,0.8236267668634818,df_precision_nc_w_demo_ip
1,0.5533655135425047,0.8235004916420846,df_precision_nc_w_demo_ip
2,0.553240118311374,0.8235636819933674,df_precision_nc_w_demo_ip
3,0.5534067508281851,0.8234846449995523,df_precision_nc_w_demo_ip
4,0.5534532116657721,0.8236267668634818,df_precision_nc_w_demo_ip
5,0.5534067508281851,0.8234846449995523,df_precision_nc_w_demo_ip
6,0.553465878559914,0.8237058928891277,df_precision_nc_w_demo_ip
7,0.5533602150537634,0.8236111111111111,df_precision_nc_w_demo_ip
8,0.5533476548514142,0.823532044396706,df_precision_nc_w_demo_ip
9,0.553465878559914,0.8237058928891277,df_precision_nc_w_demo_ip
10,0.5531790870773922,0.8234687471975608,df_precision_nc_w_demo_ip
11,0.5533602150537634,0.8236111111111111,df_precision_nc_w_demo_ip
12,0.5533279512020093,0.8236903480444923,df_precision_nc_w_demo_ip
13,0.5532457081545065,0.823453147353362,df_precision_nc_w_demo_ip
14,0.5536548132183908,0.8235003591954023,df_precision_nc_w_demo_ip
15,0.553465878559914,0.8237058928891277,df_precision_nc_w_demo_ip
16,0.553465878559914,0.8237058928891277,df_precision_nc_w_demo_ip
17,0.553240118311374,0.8235636819933674,df_precision_nc_w_demo_ip
18,0.5531199569661108,0.8235162273623812,df_precision_nc_w_demo_ip
19,0.553465878559914,0.8237058928891277,df_precision_nc_w_demo_ip
20,0.5533458747648482,0.823658514736182,df_precision_nc_w_demo_ip
21,0.553240118311374,0.8235636819933674,df_precision_nc_w_demo_ip
22,0.553465878559914,0.8237058928891277,df_precision_nc_w_demo_ip
23,0.5532922362190655,0.8233270794246405,df_precision_nc_w_demo_ip
24,0.5534067508281851,0.8234846449995523,df_precision_nc_w_demo_ip
25,0.5533476548514142,0.823532044396706,df_precision_nc_w_demo_ip
26,0.5533458747648482,0.823658514736182,df_precision_nc_w_demo_ip
27,0.5533458747648482,0.823658514736182,df_precision_nc_w_demo_ip
28,0.5533458747648482,0.823658514736182,df_precision_nc_w_demo_ip
29,0.5533941507915213,0.8236740899740631,df_precision_nc_w_demo_ip
30,0.5533476548514142,0.823532044396706,df_precision_nc_w_demo_ip
31,0.5532457081545065,0.823453147353362,df_precision_nc_w_demo_ip
32,0.5533476548514142,0.823532044396706,df_precision_nc_w_demo_ip
33,0.553465878559914,0.8237058928891277,df_precision_nc_w_demo_ip
34,0.553465878559914,0.8237058928891277,df_precision_nc_w_demo_ip
35,0.5533655135425047,0.8235004916420846,df_precision_nc_w_demo_ip
36,0.5534067508281851,0.8234846449995523,df_precision_nc_w_demo_ip
37,0.5534768954688201,0.8236428891879767,df_precision_nc_w_demo_ip
38,0.5533476548514142,0.823532044396706,df_precision_nc_w_demo_ip
39,0.5533655135425047,0.8235004916420846,df_precision_nc_w_demo_ip
40,0.5531790870773922,0.8234687471975608,df_precision_nc_w_demo_ip
41,0.5533279512020093,0.8236903480444923,df_precision_nc_w_demo_ip
42,0.5533655135425047,0.8235004916420846,df_precision_nc_w_demo_ip
43,0.5534067508281851,0.8234846449995523,df_precision_nc_w_demo_ip
44,0.5533476548514142,0.823532044396706,df_precision_nc_w_demo_ip
45,0.5534067508281851,0.8234846449995523,df_precision_nc_w_demo_ip
46,0.5534532116657721,0.8236267668634818,df_precision_nc_w_demo_ip
47,0.553240118311374,0.8235636819933674,df_precision_nc_w_demo_ip
48,0.553465878559914,0.8237058928891277,df_precision_nc_w_demo_ip
49,0.5533476548514142,0.823532044396706,df_precision_nc_w_demo_ip
50,0.5531199569661108,0.8235162273623812,df_precision_nc_w_demo_ip
51,0.553465878559914,0.8237058928891277,df_precision_nc_w_demo_ip
52,0.553640362689649,0.823547894784092,df_precision_nc_w_demo_ip
53,0.5533602150537634,0.8236111111111111,df_precision_nc_w_demo_ip
54,0.5534067508281851,0.8234846449995523,df_precision_nc_w_demo_ip
55,0.5533976247879275,0.8231538530225913,df_precision_nc_w_demo_ip
56,0.553465878559914,0.8237058928891277,df_precision_nc_w_demo_ip
57,0.5534067508281851,0.8234846449995523,df_precision_nc_w_demo_ip
58,0.5531790870773922,0.8234687471975608,df_precision_nc_w_demo_ip
59,0.5533655135425047,0.8235004916420846,df_precision_nc_w_demo_ip
60,0.553240118311374,0.8235636819933674,df_precision_nc_w_demo_ip
61,0.5534067508281851,0.8234846449995523,df_precision_nc_w_demo_ip
62,0.5531199569661108,0.8235162273623812,df_precision_nc_w_demo_ip
63,0.5533458747648482,0.823658514736182,df_precision_nc_w_demo_ip
64,0.5533333333333333,0.823579418344519,df_precision_nc_w_demo_ip
65,0.5533458747648482,0.823658514736182,df_precision_nc_w_demo_ip
66,0.553465878559914,0.8237058928891277,df_precision_nc_w_demo_ip
67,0.5533602150537634,0.8236111111111111,df_precision_nc_w_demo_ip
68,0.5533602150537634,0.8236111111111111,df_precision_nc_w_demo_ip
69,0.5533333333333333,0.823579418344519,df_precision_nc_w_demo_ip
70,0.5536548132183908,0.8235003591954023,df_precision_nc_w_demo_ip
71,0.5534067508281851,0.8234846449995523,df_precision_nc_w_demo_ip
72,0.553465878559914,0.8237058928891277,df_precision_nc_w_demo_ip
73,0.5534067508281851,0.8234846449995523,df_precision_nc_w_demo_ip
74,0.5533458747648482,0.823658514736182,df_precision_nc_w_demo_ip
75,0.5533602150537634,0.8236111111111111,df_precision_nc_w_demo_ip
76,0.5533602150537634,0.8236111111111111,df_precision_nc_w_demo_ip
77,0.553465878559914,0.8237058928891277,df_precision_nc_w_demo_ip
78,0.5533476548514142,0.823532044396706,df_precision_nc_w_demo_ip
79,0.5533458747648482,0.823658514736182,df_precision_nc_w_demo_ip
80,0.5533458747648482,0.823658514736182,df_precision_nc_w_demo_ip
81,0.553465878559914,0.8237058928891277,df_precision_nc_w_demo_ip
82,0.5531790870773922,0.8234687471975608,df_precision_nc_w_demo_ip
83,0.5533458747648482,0.823658514736182,df_precision_nc_w_demo_ip
84,0.553640362689649,0.823547894784092,df_precision_nc_w_demo_ip
85,0.553240118311374,0.8235636819933674,df_precision_nc_w_demo_ip
86,0.553465878559914,0.8237058928891277,df_precision_nc_w_demo_ip
87,0.5532457081545065,0.823453147353362,df_precision_nc_w_demo_ip
88,0.553240118311374,0.8235636819933674,df_precision_nc_w_demo_ip
89,0.5533333333333333,0.823579418344519,df_precision_nc_w_demo_ip
90,0.5534532116657721,0.8236267668634818,df_precision_nc_w_demo_ip
91,0.5532457081545065,0.823453147353362,df_precision_nc_w_demo_ip
92,0.5531199569661108,0.8235162273623812,df_precision_nc_w_demo_ip
93,0.5533476548514142,0.823532044396706,df_precision_nc_w_demo_ip
94,0.5534067508281851,0.8234846449995523,df_precision_nc_w_demo_ip
95,0.5534532116657721,0.8236267668634818,df_precision_nc_w_demo_ip
96,0.5533333333333333,0.823579418344519,df_precision_nc_w_demo_ip
97,0.5533941507915213,0.8236740899740631,df_precision_nc_w_demo_ip
98,0.5531790870773922,0.8234687471975608,df_precision_nc_w_demo_ip
99,0.5533458747648482,0.823658514736182,df_precision_nc_w_demo_ip
0,0.5547056718554303,0.8400876722132761,df_precision_nc_wo_demo_ip
1,0.5546169661213909,0.8399481541074462,df_precision_nc_wo_demo_ip
2,0.5546741955722865,0.8400555704938604,df_precision_nc_wo_demo_ip
3,0.554615453487331,0.8399588145760587,df_precision_nc_wo_demo_ip
4,0.5547056718554303,0.8400876722132761,df_precision_nc_wo_demo_ip
5,0.554615453487331,0.8399588145760587,df_precision_nc_wo_demo_ip
6,0.5546301271717714,0.8401844886261867,df_precision_nc_wo_demo_ip
7,0.5546594982078853,0.8400985663082438,df_precision_nc_wo_demo_ip
8,0.5547350519155031,0.8400017901897601,df_precision_nc_wo_demo_ip
9,0.5546301271717714,0.8401844886261867,df_precision_nc_wo_demo_ip
10,0.5547484530535378,0.8399695094610349,df_precision_nc_wo_demo_ip
11,0.5546594982078853,0.8400985663082438,df_precision_nc_wo_demo_ip
12,0.5547631862217438,0.8399264442052387,df_precision_nc_wo_demo_ip
13,0.5544974964234621,0.8399052217453505,df_precision_nc_wo_demo_ip
14,0.5548221982758621,0.8400233477011494,df_precision_nc_wo_demo_ip
15,0.5546301271717714,0.8401844886261867,df_precision_nc_wo_demo_ip
16,0.5546301271717714,0.8401844886261867,df_precision_nc_wo_demo_ip
17,0.5546741955722865,0.8400555704938604,df_precision_nc_wo_demo_ip
18,0.554688900842747,0.8400125515510131,df_precision_nc_wo_demo_ip
19,0.5546301271717714,0.8401844886261867,df_precision_nc_wo_demo_ip
20,0.5545104362626534,0.8401415390128102,df_precision_nc_wo_demo_ip
21,0.5546741955722865,0.8400555704938604,df_precision_nc_wo_demo_ip
22,0.5546301271717714,0.8401844886261867,df_precision_nc_wo_demo_ip
23,0.5545876887340302,0.8400339497900473,df_precision_nc_wo_demo_ip
24,0.554615453487331,0.8399588145760587,df_precision_nc_wo_demo_ip
25,0.5547350519155031,0.8400017901897601,df_precision_nc_wo_demo_ip
26,0.5545104362626534,0.8401415390128102,df_precision_nc_wo_demo_ip
27,0.5545104362626534,0.8401415390128102,df_precision_nc_wo_demo_ip
28,0.5545104362626534,0.8401415390128102,df_precision_nc_wo_demo_ip
29,0.554646274930686,0.8401305786602272,df_precision_nc_wo_demo_ip
30,0.5547350519155031,0.8400017901897601,df_precision_nc_wo_demo_ip
31,0.5544974964234621,0.8399052217453505,df_precision_nc_wo_demo_ip
32,0.5547350519155031,0.8400017901897601,df_precision_nc_wo_demo_ip
33,0.5546301271717714,0.8401844886261867,df_precision_nc_wo_demo_ip
34,0.5546301271717714,0.8401844886261867,df_precision_nc_wo_demo_ip
35,0.5546169661213909,0.8399481541074462,df_precision_nc_wo_demo_ip
36,0.554615453487331,0.8399588145760587,df_precision_nc_wo_demo_ip
37,0.5547779273216689,0.839883355764917,df_precision_nc_wo_demo_ip
38,0.5547350519155031,0.8400017901897601,df_precision_nc_wo_demo_ip
39,0.5546169661213909,0.8399481541074462,df_precision_nc_wo_demo_ip
40,0.5547484530535378,0.8399695094610349,df_precision_nc_wo_demo_ip
41,0.5547631862217438,0.8399264442052387,df_precision_nc_wo_demo_ip
42,0.5546169661213909,0.8399481541074462,df_precision_nc_wo_demo_ip
43,0.554615453487331,0.8399588145760587,df_precision_nc_wo_demo_ip
44,0.5547350519155031,0.8400017901897601,df_precision_nc_wo_demo_ip
45,0.554615453487331,0.8399588145760587,df_precision_nc_wo_demo_ip
46,0.5547056718554303,0.8400876722132761,df_precision_nc_wo_demo_ip
47,0.5546741955722865,0.8400555704938604,df_precision_nc_wo_demo_ip
48,0.5546301271717714,0.8401844886261867,df_precision_nc_wo_demo_ip
49,0.5547350519155031,0.8400017901897601,df_precision_nc_wo_demo_ip
50,0.554688900842747,0.8400125515510131,df_precision_nc_wo_demo_ip
51,0.5546301271717714,0.8401844886261867,df_precision_nc_wo_demo_ip
52,0.5548074333423108,0.8400664332525362,df_precision_nc_wo_demo_ip
53,0.5546594982078853,0.8400985663082438,df_precision_nc_wo_demo_ip
54,0.554615453487331,0.8399588145760587,df_precision_nc_wo_demo_ip
55,0.5542905616572908,0.8398517724796857,df_precision_nc_wo_demo_ip
56,0.5546301271717714,0.8401844886261867,df_precision_nc_wo_demo_ip
57,0.554615453487331,0.8399588145760587,df_precision_nc_wo_demo_ip
58,0.5547484530535378,0.8399695094610349,df_precision_nc_wo_demo_ip
59,0.5546169661213909,0.8399481541074462,df_precision_nc_wo_demo_ip
60,0.5546741955722865,0.8400555704938604,df_precision_nc_wo_demo_ip
61,0.554615453487331,0.8399588145760587,df_precision_nc_wo_demo_ip
62,0.554688900842747,0.8400125515510131,df_precision_nc_wo_demo_ip
63,0.5545104362626534,0.8401415390128102,df_precision_nc_wo_demo_ip
64,0.5547203579418345,0.8400447427293065,df_precision_nc_wo_demo_ip
65,0.5545104362626534,0.8401415390128102,df_precision_nc_wo_demo_ip
66,0.5546301271717714,0.8401844886261867,df_precision_nc_wo_demo_ip
67,0.5546594982078853,0.8400985663082438,df_precision_nc_wo_demo_ip
68,0.5546594982078853,0.8400985663082438,df_precision_nc_wo_demo_ip
69,0.5547203579418345,0.8400447427293065,df_precision_nc_wo_demo_ip
70,0.5548221982758621,0.8400233477011494,df_precision_nc_wo_demo_ip
71,0.554615453487331,0.8399588145760587,df_precision_nc_wo_demo_ip
72,0.5546301271717714,0.8401844886261867,df_precision_nc_wo_demo_ip
73,0.554615453487331,0.8399588145760587,df_precision_nc_wo_demo_ip
74,0.5545104362626534,0.8401415390128102,df_precision_nc_wo_demo_ip
75,0.5546594982078853,0.8400985663082438,df_precision_nc_wo_demo_ip
76,0.5546594982078853,0.8400985663082438,df_precision_nc_wo_demo_ip
77,0.5546301271717714,0.8401844886261867,df_precision_nc_wo_demo_ip
78,0.5547350519155031,0.8400017901897601,df_precision_nc_wo_demo_ip
79,0.5545104362626534,0.8401415390128102,df_precision_nc_wo_demo_ip
80,0.5545104362626534,0.8401415390128102,df_precision_nc_wo_demo_ip
81,0.5546301271717714,0.8401844886261867,df_precision_nc_wo_demo_ip
82,0.5547484530535378,0.8399695094610349,df_precision_nc_wo_demo_ip
83,0.5545104362626534,0.8401415390128102,df_precision_nc_wo_demo_ip
84,0.5548074333423108,0.8400664332525362,df_precision_nc_wo_demo_ip
85,0.5546741955722865,0.8400555704938604,df_precision_nc_wo_demo_ip
86,0.5546301271717714,0.8401844886261867,df_precision_nc_wo_demo_ip
87,0.5544974964234621,0.8399052217453505,df_precision_nc_wo_demo_ip
88,0.5546741955722865,0.8400555704938604,df_precision_nc_wo_demo_ip
89,0.5547203579418345,0.8400447427293065,df_precision_nc_wo_demo_ip
90,0.5547056718554303,0.8400876722132761,df_precision_nc_wo_demo_ip
91,0.5544974964234621,0.8399052217453505,df_precision_nc_wo_demo_ip
92,0.554688900842747,0.8400125515510131,df_precision_nc_wo_demo_ip
93,0.5547350519155031,0.8400017901897601,df_precision_nc_wo_demo_ip
94,0.554615453487331,0.8399588145760587,df_precision_nc_wo_demo_ip
95,0.5547056718554303,0.8400876722132761,df_precision_nc_wo_demo_ip
96,0.5547203579418345,0.8400447427293065,df_precision_nc_wo_demo_ip
97,0.554646274930686,0.8401305786602272,df_precision_nc_wo_demo_ip
98,0.5547484530535378,0.8399695094610349,df_precision_nc_wo_demo_ip
99,0.5545104362626534,0.8401415390128102,df_precision_nc_wo_demo_ip