label_idx,run,pred_set_size_alpha_0.1,pred_set_size_alpha_0.25,name
0.0,0.0,1.8099838969404187,1.5327428878153515,df_result_cc_w_demo_ip
0.0,1.0,1.7945829981228212,1.4794851166532583,df_result_cc_w_demo_ip
0.0,2.0,1.7956439903199786,1.4796988437752083,df_result_cc_w_demo_ip
0.0,3.0,1.7808219178082192,1.5149073327961322,df_result_cc_w_demo_ip
0.0,4.0,1.799248523886205,1.4946323134728932,df_result_cc_w_demo_ip
0.0,5.0,1.8122481869460112,1.527262959978512,df_result_cc_w_demo_ip
0.0,6.0,1.800107469102633,1.4862976894142934,df_result_cc_w_demo_ip
0.0,7.0,1.793010752688172,1.496236559139785,df_result_cc_w_demo_ip
0.0,8.0,1.8098818474758325,1.5236305048335124,df_result_cc_w_demo_ip
0.0,9.0,1.7976894142933906,1.4854916711445458,df_result_cc_w_demo_ip
0.0,10.0,1.8041431261770244,1.4818401937046004,df_result_cc_w_demo_ip
0.0,11.0,1.8061827956989247,1.488978494623656,df_result_cc_w_demo_ip
0.0,12.0,1.810010764262648,1.5048439181916038,df_result_cc_w_demo_ip
0.0,13.0,1.7851394849785407,1.5150214592274678,df_result_cc_w_demo_ip
0.0,14.0,1.793103448275862,1.515625,df_result_cc_w_demo_ip
0.0,15.0,1.7815690488984417,1.4768941429339064,df_result_cc_w_demo_ip
0.0,16.0,1.7831810854379366,1.5024180548092423,df_result_cc_w_demo_ip
0.0,17.0,1.807206238236085,1.4810432912073137,df_result_cc_w_demo_ip
0.0,18.0,1.797740720817644,1.5190962883270576,df_result_cc_w_demo_ip
0.0,19.0,1.7864051585169265,1.4860290166577108,df_result_cc_w_demo_ip
0.0,20.0,1.8075786079011018,1.4947594732598763,df_result_cc_w_demo_ip
0.0,21.0,1.7735950524334498,1.4896477547727884,df_result_cc_w_demo_ip
0.0,22.0,1.7826437399247717,1.4803868887694789,df_result_cc_w_demo_ip
0.0,23.0,1.818279281693916,1.5146073438756367,df_result_cc_w_demo_ip
0.0,24.0,1.8157399946279882,1.4987912973408541,df_result_cc_w_demo_ip
0.0,25.0,1.8023630504833512,1.5204081632653061,df_result_cc_w_demo_ip
0.0,26.0,1.8169846815372213,1.5286213383499059,df_result_cc_w_demo_ip
0.0,27.0,1.8366030636925557,1.502553077129804,df_result_cc_w_demo_ip
0.0,28.0,1.820478366030637,1.5081967213114753,df_result_cc_w_demo_ip
0.0,29.0,1.7759592165280387,1.4733029246042393,df_result_cc_w_demo_ip
0.0,30.0,1.7733619763694952,1.497314715359828,df_result_cc_w_demo_ip
0.0,31.0,1.7956008583690988,1.5040236051502145,df_result_cc_w_demo_ip
0.0,32.0,1.8015574650912998,1.5099355531686358,df_result_cc_w_demo_ip
0.0,33.0,1.8025255239118754,1.5018807092960773,df_result_cc_w_demo_ip
0.0,34.0,1.813003761418592,1.5209564750134337,df_result_cc_w_demo_ip
0.0,35.0,1.7961920085813892,1.5205148833467417,df_result_cc_w_demo_ip
0.0,36.0,1.8205748052645716,1.5055063121138867,df_result_cc_w_demo_ip
0.0,37.0,1.7965006729475101,1.4802153432032301,df_result_cc_w_demo_ip
0.0,38.0,1.8211600429645542,1.5206766917293233,df_result_cc_w_demo_ip
0.0,39.0,1.8004827031375703,1.5202467149369805,df_result_cc_w_demo_ip
0.0,40.0,1.8127522195318806,1.4969061070755987,df_result_cc_w_demo_ip
0.0,41.0,1.7919806243272336,1.4965016146393972,df_result_cc_w_demo_ip
0.0,42.0,1.7860016090104585,1.4888710109949048,df_result_cc_w_demo_ip
0.0,43.0,1.7773301101262422,1.4625302175664787,df_result_cc_w_demo_ip
0.0,44.0,1.8093447905477982,1.4803974221267455,df_result_cc_w_demo_ip
0.0,45.0,1.8176201987644374,1.5213537469782434,df_result_cc_w_demo_ip
0.0,46.0,1.8081052066559313,1.529253891572732,df_result_cc_w_demo_ip
0.0,47.0,1.8090884646410326,1.4955633234740522,df_result_cc_w_demo_ip
0.0,48.0,1.7896292315959161,1.4841483073616335,df_result_cc_w_demo_ip
0.0,49.0,1.802094522019334,1.4981203007518797,df_result_cc_w_demo_ip
0.0,50.0,1.8079612694997311,1.513179128563744,df_result_cc_w_demo_ip
0.0,51.0,1.785061794734014,1.4809242342826436,df_result_cc_w_demo_ip
0.0,52.0,1.8017775383786696,1.4694317263668193,df_result_cc_w_demo_ip
0.0,53.0,1.7846774193548387,1.4946236559139785,df_result_cc_w_demo_ip
0.0,54.0,1.7907601396723072,1.4544721998388397,df_result_cc_w_demo_ip
0.0,55.0,1.8052504687918565,1.5068309670506295,df_result_cc_w_demo_ip
0.0,56.0,1.7998387963460505,1.4970445996775927,df_result_cc_w_demo_ip
0.0,57.0,1.79129734085415,1.5100725221595488,df_result_cc_w_demo_ip
0.0,58.0,1.8076405703524348,1.5060532687651331,df_result_cc_w_demo_ip
0.0,59.0,1.7935103244837758,1.5044247787610618,df_result_cc_w_demo_ip
0.0,60.0,1.830330734068298,1.5159989244420544,df_result_cc_w_demo_ip
0.0,61.0,1.774375503626108,1.4778404512489927,df_result_cc_w_demo_ip
0.0,62.0,1.8111888111888113,1.5250134480903712,df_result_cc_w_demo_ip
0.0,63.0,1.7949475947325988,1.474603601182478,df_result_cc_w_demo_ip
0.0,64.0,1.7973154362416108,1.4829530201342283,df_result_cc_w_demo_ip
0.0,65.0,1.7761354474603601,1.4883095941951088,df_result_cc_w_demo_ip
0.0,66.0,1.799570123589468,1.5166577109081139,df_result_cc_w_demo_ip
0.0,67.0,1.8177419354838709,1.5274193548387096,df_result_cc_w_demo_ip
0.0,68.0,1.803225806451613,1.4793010752688172,df_result_cc_w_demo_ip
0.0,69.0,1.803489932885906,1.5044295302013422,df_result_cc_w_demo_ip
0.0,70.0,1.8227370689655173,1.5086206896551724,df_result_cc_w_demo_ip
0.0,71.0,1.7848509266720387,1.4842868654311039,df_result_cc_w_demo_ip
0.0,72.0,1.785599140247179,1.478774852229984,df_result_cc_w_demo_ip
0.0,73.0,1.8017727639000807,1.5170561375235025,df_result_cc_w_demo_ip
0.0,74.0,1.793872614888471,1.4899220639613007,df_result_cc_w_demo_ip
0.0,75.0,1.792741935483871,1.4970430107526882,df_result_cc_w_demo_ip
0.0,76.0,1.8029569892473118,1.4798387096774193,df_result_cc_w_demo_ip
0.0,77.0,1.8009134873723804,1.5051047823750672,df_result_cc_w_demo_ip
0.0,78.0,1.8042427497314715,1.494360902255639,df_result_cc_w_demo_ip
0.0,79.0,1.8164471916151572,1.4947594732598763,df_result_cc_w_demo_ip
0.0,80.0,1.8003224939532383,1.499059392636388,df_result_cc_w_demo_ip
0.0,81.0,1.8127350886620097,1.4967759269210101,df_result_cc_w_demo_ip
0.0,82.0,1.7863868711326338,1.4977132095776164,df_result_cc_w_demo_ip
0.0,83.0,1.7898414404729912,1.4783660306369255,df_result_cc_w_demo_ip
0.0,84.0,1.797737678427148,1.4966334500403986,df_result_cc_w_demo_ip
0.0,85.0,1.8098951331002957,1.4966388814197364,df_result_cc_w_demo_ip
0.0,86.0,1.8027941966684577,1.491671144545943,df_result_cc_w_demo_ip
0.0,87.0,1.8060622317596566,1.5131437768240343,df_result_cc_w_demo_ip
0.0,88.0,1.8085506856681903,1.4869588599085777,df_result_cc_w_demo_ip
0.0,89.0,1.7957046979865772,1.4700671140939596,df_result_cc_w_demo_ip
0.0,90.0,1.789855072463768,1.5163714439076759,df_result_cc_w_demo_ip
0.0,91.0,1.805793991416309,1.5056330472103003,df_result_cc_w_demo_ip
0.0,92.0,1.779989241527703,1.5002689618074234,df_result_cc_w_demo_ip
0.0,93.0,1.78625134264232,1.5032223415682062,df_result_cc_w_demo_ip
0.0,94.0,1.800429760945474,1.5001343002954606,df_result_cc_w_demo_ip
0.0,95.0,1.8123993558776168,1.5365002683843263,df_result_cc_w_demo_ip
0.0,96.0,1.792751677852349,1.4885906040268457,df_result_cc_w_demo_ip
0.0,97.0,1.8242554333243897,1.517574456667561,df_result_cc_w_demo_ip
0.0,98.0,1.8027979553403282,1.5337637880010762,df_result_cc_w_demo_ip
0.0,99.0,1.8126847621607094,1.4944907282988444,df_result_cc_w_demo_ip
1.0,0.0,1.8223295759527645,1.537037037037037,df_result_cc_w_demo_ip
1.0,1.0,1.813891123625637,1.4953070528291768,df_result_cc_w_demo_ip
1.0,2.0,1.8098951331002957,1.5108900242000538,df_result_cc_w_demo_ip
1.0,3.0,1.7947891485361267,1.491539081385979,df_result_cc_w_demo_ip
1.0,4.0,1.8024691358024691,1.4817498658078367,df_result_cc_w_demo_ip
1.0,5.0,1.7980123556271823,1.4856298683857105,df_result_cc_w_demo_ip
1.0,6.0,1.7885545405695862,1.523374529822676,df_result_cc_w_demo_ip
1.0,7.0,1.811021505376344,1.4991935483870968,df_result_cc_w_demo_ip
1.0,8.0,1.7945757250268528,1.4828141783029,df_result_cc_w_demo_ip
1.0,9.0,1.7920472864051584,1.4720580333154218,df_result_cc_w_demo_ip
1.0,10.0,1.8071025020177562,1.4926015603981706,df_result_cc_w_demo_ip
1.0,11.0,1.803225806451613,1.5352150537634408,df_result_cc_w_demo_ip
1.0,12.0,1.8164693218514532,1.502691065662002,df_result_cc_w_demo_ip
1.0,13.0,1.8074034334763949,1.537285407725322,df_result_cc_w_demo_ip
1.0,14.0,1.8098060344827587,1.4841056034482758,df_result_cc_w_demo_ip
1.0,15.0,1.830198817839871,1.5274046211714132,df_result_cc_w_demo_ip
1.0,16.0,1.8038688876947877,1.4973132724341751,df_result_cc_w_demo_ip
1.0,17.0,1.7725194944877656,1.5036300080666847,df_result_cc_w_demo_ip
1.0,18.0,1.8074233458848843,1.5196342119419042,df_result_cc_w_demo_ip
1.0,19.0,1.8049435787211177,1.5008060182697474,df_result_cc_w_demo_ip
1.0,20.0,1.7844665412523515,1.4936844934157485,df_result_cc_w_demo_ip
1.0,21.0,1.8090884646410326,1.5103522452272116,df_result_cc_w_demo_ip
1.0,22.0,1.8194519075765718,1.521762493283181,df_result_cc_w_demo_ip
1.0,23.0,1.8185473063521844,1.5312248726882873,df_result_cc_w_demo_ip
1.0,24.0,1.8248724147193123,1.539887187751813,df_result_cc_w_demo_ip
1.0,25.0,1.7908163265306123,1.4967776584317938,df_result_cc_w_demo_ip
1.0,26.0,1.8172534264982532,1.5366836871808653,df_result_cc_w_demo_ip
1.0,27.0,1.7957538296156947,1.501746842246708,df_result_cc_w_demo_ip
1.0,28.0,1.8000537489922064,1.5197527546358505,df_result_cc_w_demo_ip
1.0,29.0,1.826401931848672,1.5170378320364906,df_result_cc_w_demo_ip
1.0,30.0,1.8002148227712138,1.5061761546723953,df_result_cc_w_demo_ip
1.0,31.0,1.7843347639484979,1.4608369098712446,df_result_cc_w_demo_ip
1.0,32.0,1.77765843179377,1.4887218045112782,df_result_cc_w_demo_ip
1.0,33.0,1.814078452444922,1.5145083288554542,df_result_cc_w_demo_ip
1.0,34.0,1.8105857066093498,1.4930145083288555,df_result_cc_w_demo_ip
1.0,35.0,1.8165728077232501,1.5317779565567176,df_result_cc_w_demo_ip
1.0,36.0,1.8154713940370668,1.5396185871608918,df_result_cc_w_demo_ip
1.0,37.0,1.8131897711978466,1.4952893674293406,df_result_cc_w_demo_ip
1.0,38.0,1.7870569280343716,1.5048335123523093,df_result_cc_w_demo_ip
1.0,39.0,1.7927058192544918,1.523196567444355,df_result_cc_w_demo_ip
1.0,40.0,1.7974172719935433,1.4831853645412967,df_result_cc_w_demo_ip
1.0,41.0,1.7769106566200215,1.4905812701829924,df_result_cc_w_demo_ip
1.0,42.0,1.7884151246983104,1.4926253687315634,df_result_cc_w_demo_ip
1.0,43.0,1.8023099650819232,1.4730056406124092,df_result_cc_w_demo_ip
1.0,44.0,1.802094522019334,1.4948979591836735,df_result_cc_w_demo_ip
1.0,45.0,1.8066075745366639,1.4912704807950576,df_result_cc_w_demo_ip
1.0,46.0,1.8239398819108965,1.51959205582394,df_result_cc_w_demo_ip
1.0,47.0,1.800752890561979,1.5130411400914223,df_result_cc_w_demo_ip
1.0,48.0,1.7802256851155294,1.4897904352498657,df_result_cc_w_demo_ip
1.0,49.0,1.7910848549946294,1.4871106337271751,df_result_cc_w_demo_ip
1.0,50.0,1.814954276492738,1.5180204410973641,df_result_cc_w_demo_ip
1.0,51.0,1.7826437399247717,1.4795808704997313,df_result_cc_w_demo_ip
1.0,52.0,1.8281712900619445,1.4966334500403986,df_result_cc_w_demo_ip
1.0,53.0,1.821505376344086,1.5274193548387096,df_result_cc_w_demo_ip
1.0,54.0,1.813859790491539,1.4963738920225624,df_result_cc_w_demo_ip
1.0,55.0,1.8132869006161265,1.5247789981248325,df_result_cc_w_demo_ip
1.0,56.0,1.7821063944116067,1.4954325631380978,df_result_cc_w_demo_ip
1.0,57.0,1.7733011012624227,1.4767660488853076,df_result_cc_w_demo_ip
1.0,58.0,1.807909604519774,1.510088781275222,df_result_cc_w_demo_ip
1.0,59.0,1.8173773129525341,1.527219093590775,df_result_cc_w_demo_ip
1.0,60.0,1.8031728959397688,1.51492336649637,df_result_cc_w_demo_ip
1.0,61.0,1.7990867579908676,1.5100725221595488,df_result_cc_w_demo_ip
1.0,62.0,1.7885960193652501,1.5112963959117804,df_result_cc_w_demo_ip
1.0,63.0,1.7831228164471915,1.4826659500134372,df_result_cc_w_demo_ip
1.0,64.0,1.8010738255033556,1.5022818791946309,df_result_cc_w_demo_ip
1.0,65.0,1.8081160978231658,1.499059392636388,df_result_cc_w_demo_ip
1.0,66.0,1.813003761418592,1.523374529822676,df_result_cc_w_demo_ip
1.0,67.0,1.7776881720430107,1.4801075268817205,df_result_cc_w_demo_ip
1.0,68.0,1.7873655913978495,1.4801075268817205,df_result_cc_w_demo_ip
1.0,69.0,1.806711409395973,1.5030872483221476,df_result_cc_w_demo_ip
1.0,70.0,1.800915948275862,1.4741379310344827,df_result_cc_w_demo_ip
1.0,71.0,1.7864625302175665,1.4832124630674188,df_result_cc_w_demo_ip
1.0,72.0,1.8027941966684577,1.4728640515851692,df_result_cc_w_demo_ip
1.0,73.0,1.8028471662637657,1.48965887724953,df_result_cc_w_demo_ip
1.0,74.0,1.819403386186509,1.5146466003762429,df_result_cc_w_demo_ip
1.0,75.0,1.789516129032258,1.4935483870967743,df_result_cc_w_demo_ip
1.0,76.0,1.8086021505376344,1.5013440860215055,df_result_cc_w_demo_ip
1.0,77.0,1.7982267598065556,1.532240730789898,df_result_cc_w_demo_ip
1.0,78.0,1.7929645542427497,1.4922126745435016,df_result_cc_w_demo_ip
1.0,79.0,1.8226283257188927,1.5374899220639613,df_result_cc_w_demo_ip
1.0,80.0,1.8099973125503896,1.5372211771029294,df_result_cc_w_demo_ip
1.0,81.0,1.8113917248790972,1.5091348737238044,df_result_cc_w_demo_ip
1.0,82.0,1.7968792036588648,1.5004035512510088,df_result_cc_w_demo_ip
1.0,83.0,1.7965600644987907,1.4866971244289169,df_result_cc_w_demo_ip
1.0,84.0,1.7891193105305683,1.4818206302181525,df_result_cc_w_demo_ip
1.0,85.0,1.8080129066953483,1.4963699919333153,df_result_cc_w_demo_ip
1.0,86.0,1.8127350886620097,1.5265986029016658,df_result_cc_w_demo_ip
1.0,87.0,1.786480686695279,1.5244098712446352,df_result_cc_w_demo_ip
1.0,88.0,1.8004840010755578,1.52487227749395,df_result_cc_w_demo_ip
1.0,89.0,1.822281879194631,1.526711409395973,df_result_cc_w_demo_ip
1.0,90.0,1.800858829844337,1.503220611916264,df_result_cc_w_demo_ip
1.0,91.0,1.8020386266094421,1.4755901287553648,df_result_cc_w_demo_ip
1.0,92.0,1.7805271651425498,1.5242065626681012,df_result_cc_w_demo_ip
1.0,93.0,1.8077336197636948,1.4777121374865736,df_result_cc_w_demo_ip
1.0,94.0,1.8082191780821917,1.5100725221595488,df_result_cc_w_demo_ip
1.0,95.0,1.8040794417606012,1.5083199141170156,df_result_cc_w_demo_ip
1.0,96.0,1.7889932885906041,1.50496644295302,df_result_cc_w_demo_ip
1.0,97.0,1.80091226187282,1.5095250872015025,df_result_cc_w_demo_ip
1.0,98.0,1.7909604519774012,1.4810330912025826,df_result_cc_w_demo_ip
1.0,99.0,1.7968288094598226,1.4815909701693093,df_result_cc_w_demo_ip
2.0,0.0,1.798443370907139,1.487385936661299,df_result_cc_w_demo_ip
2.0,1.0,1.809868597479217,1.4977205685170287,df_result_cc_w_demo_ip
2.0,2.0,1.8133906964237698,1.5262167249260554,df_result_cc_w_demo_ip
2.0,3.0,1.8071447757185066,1.4759602471125437,df_result_cc_w_demo_ip
2.0,4.0,1.7989801395598497,1.499194847020934,df_result_cc_w_demo_ip
2.0,5.0,1.809293580445877,1.5377383830244427,df_result_cc_w_demo_ip
2.0,6.0,1.7885545405695862,1.501612036539495,df_result_cc_w_demo_ip
2.0,7.0,1.7682795698924731,1.4739247311827957,df_result_cc_w_demo_ip
2.0,8.0,1.7953813104189045,1.4981203007518797,df_result_cc_w_demo_ip
2.0,9.0,1.8038688876947877,1.509403546480387,df_result_cc_w_demo_ip
2.0,10.0,1.7963411353241863,1.4858757062146892,df_result_cc_w_demo_ip
2.0,11.0,1.8161290322580645,1.4973118279569892,df_result_cc_w_demo_ip
2.0,12.0,1.8008611410118407,1.5217976318622175,df_result_cc_w_demo_ip
2.0,13.0,1.804989270386266,1.5123390557939915,df_result_cc_w_demo_ip
2.0,14.0,1.8116918103448276,1.548760775862069,df_result_cc_w_demo_ip
2.0,15.0,1.7893605588393338,1.5008060182697474,df_result_cc_w_demo_ip
2.0,16.0,1.776732939279957,1.4954325631380978,df_result_cc_w_demo_ip
2.0,17.0,1.7897284216187148,1.4939499865555257,df_result_cc_w_demo_ip
2.0,18.0,1.7942442173211404,1.4981172673480365,df_result_cc_w_demo_ip
2.0,19.0,1.786136485760344,1.4500268672756582,df_result_cc_w_demo_ip
2.0,20.0,1.8000537489922064,1.5065842515452834,df_result_cc_w_demo_ip
2.0,21.0,1.8010217800484,1.484807744017209,df_result_cc_w_demo_ip
2.0,22.0,1.7686727565824825,1.4924771628156905,df_result_cc_w_demo_ip
2.0,23.0,1.796837309032431,1.503350308228357,df_result_cc_w_demo_ip
2.0,24.0,1.8291700241740532,1.5471394037066881,df_result_cc_w_demo_ip
2.0,25.0,1.799140708915145,1.5284640171858217,df_result_cc_w_demo_ip
2.0,26.0,1.8118785272776134,1.5106154259607631,df_result_cc_w_demo_ip
2.0,27.0,1.8172534264982532,1.5232464391292664,df_result_cc_w_demo_ip
2.0,28.0,1.8016662187583983,1.5087342112335393,df_result_cc_w_demo_ip
2.0,29.0,1.787764958411591,1.4971827206868795,df_result_cc_w_demo_ip
2.0,30.0,1.8010204081632653,1.4994629430719657,df_result_cc_w_demo_ip
2.0,31.0,1.7964055793991416,1.4879291845493563,df_result_cc_w_demo_ip
2.0,32.0,1.796186895810956,1.5024167561761548,df_result_cc_w_demo_ip
2.0,33.0,1.815690488984417,1.5096722192369694,df_result_cc_w_demo_ip
2.0,34.0,1.8189145620634068,1.5287479849543257,df_result_cc_w_demo_ip
2.0,35.0,1.7878787878787878,1.5092518101367658,df_result_cc_w_demo_ip
2.0,36.0,1.814665592264303,1.503894708568359,df_result_cc_w_demo_ip
2.0,37.0,1.7843876177658142,1.46164199192463,df_result_cc_w_demo_ip
2.0,38.0,1.8262620837808807,1.530612244897959,df_result_cc_w_demo_ip
2.0,39.0,1.7865379458299813,1.4928935371413248,df_result_cc_w_demo_ip
2.0,40.0,1.8140973903685769,1.5108958837772397,df_result_cc_w_demo_ip
2.0,41.0,1.811356297093649,1.5059203444564047,df_result_cc_w_demo_ip
2.0,42.0,1.8039688924644677,1.5012067578439259,df_result_cc_w_demo_ip
2.0,43.0,1.792371743217835,1.4888530754767662,df_result_cc_w_demo_ip
2.0,44.0,1.8015574650912998,1.5136949516648766,df_result_cc_w_demo_ip
2.0,45.0,1.800429760945474,1.4850926672038678,df_result_cc_w_demo_ip
2.0,46.0,1.8115942028985508,1.5305958132045088,df_result_cc_w_demo_ip
2.0,47.0,1.8031728959397688,1.4977144393654207,df_result_cc_w_demo_ip
2.0,48.0,1.786136485760344,1.4669532509403547,df_result_cc_w_demo_ip
2.0,49.0,1.7975295381310419,1.5085929108485499,df_result_cc_w_demo_ip
2.0,50.0,1.8230231307154383,1.5271651425497579,df_result_cc_w_demo_ip
2.0,51.0,1.7993014508328855,1.4986566362170877,df_result_cc_w_demo_ip
2.0,52.0,1.8152437382170752,1.5222192297333692,df_result_cc_w_demo_ip
2.0,53.0,1.7948924731182796,1.4841397849462366,df_result_cc_w_demo_ip
2.0,54.0,1.820037604082729,1.4934192855224282,df_result_cc_w_demo_ip
2.0,55.0,1.8060541119742834,1.5030806321993035,df_result_cc_w_demo_ip
2.0,56.0,1.7858678130037615,1.5161203653949489,df_result_cc_w_demo_ip
2.0,57.0,1.7934461455815203,1.4877786731130809,df_result_cc_w_demo_ip
2.0,58.0,1.7898843153080441,1.496099004573581,df_result_cc_w_demo_ip
2.0,59.0,1.827031375703942,1.525610083132207,df_result_cc_w_demo_ip
2.0,60.0,1.8265662812584027,1.508470018822264,df_result_cc_w_demo_ip
2.0,61.0,1.8211120064464141,1.5170561375235025,df_result_cc_w_demo_ip
2.0,62.0,1.793168370091447,1.49919311457773,df_result_cc_w_demo_ip
2.0,63.0,1.833646869121204,1.4993281375974201,df_result_cc_w_demo_ip
2.0,64.0,1.7989261744966443,1.5259060402684563,df_result_cc_w_demo_ip
2.0,65.0,1.8159097016930932,1.5103466809997312,df_result_cc_w_demo_ip
2.0,66.0,1.8049435787211177,1.521762493283181,df_result_cc_w_demo_ip
2.0,67.0,1.781720430107527,1.477956989247312,df_result_cc_w_demo_ip
2.0,68.0,1.8024193548387097,1.506989247311828,df_result_cc_w_demo_ip
2.0,69.0,1.7731543624161075,1.4740939597315437,df_result_cc_w_demo_ip
2.0,70.0,1.7877155172413792,1.4781788793103448,df_result_cc_w_demo_ip
2.0,71.0,1.8235294117647058,1.4740800429760945,df_result_cc_w_demo_ip
2.0,72.0,1.7904352498656637,1.5061794734013971,df_result_cc_w_demo_ip
2.0,73.0,1.8071447757185066,1.5022831050228311,df_result_cc_w_demo_ip
2.0,74.0,1.766729373824241,1.4700349368449341,df_result_cc_w_demo_ip
2.0,75.0,1.7868279569892473,1.4666666666666666,df_result_cc_w_demo_ip
2.0,76.0,1.8053763440860215,1.493010752688172,df_result_cc_w_demo_ip
2.0,77.0,1.8189145620634068,1.49892530897367,df_result_cc_w_demo_ip
2.0,78.0,1.7843716433941998,1.4790547798066596,df_result_cc_w_demo_ip
2.0,79.0,1.8022037086804623,1.5076592313894115,df_result_cc_w_demo_ip
2.0,80.0,1.8207471109916689,1.52915882827197,df_result_cc_w_demo_ip
2.0,81.0,1.7976894142933906,1.5298226759806555,df_result_cc_w_demo_ip
2.0,82.0,1.8315846112456282,1.507936507936508,df_result_cc_w_demo_ip
2.0,83.0,1.7984412792260145,1.4888470841171728,df_result_cc_w_demo_ip
2.0,84.0,1.8206302181524374,1.4837058981955291,df_result_cc_w_demo_ip
2.0,85.0,1.8063995697768218,1.5229900510890024,df_result_cc_w_demo_ip
2.0,86.0,1.8041375604513703,1.498387963460505,df_result_cc_w_demo_ip
2.0,87.0,1.800697424892704,1.4809549356223175,df_result_cc_w_demo_ip
2.0,88.0,1.7899973111051357,1.4837321860715247,df_result_cc_w_demo_ip
2.0,89.0,1.803489932885906,1.5033557046979866,df_result_cc_w_demo_ip
2.0,90.0,1.8150831991411702,1.5225442834138487,df_result_cc_w_demo_ip
2.0,91.0,1.799087982832618,1.5214592274678111,df_result_cc_w_demo_ip
2.0,92.0,1.7942442173211404,1.4884346422807961,df_result_cc_w_demo_ip
2.0,93.0,1.7986036519871107,1.5099355531686358,df_result_cc_w_demo_ip
2.0,94.0,1.7910287402632286,1.517593338705345,df_result_cc_w_demo_ip
2.0,95.0,1.8059581320450886,1.5112721417069244,df_result_cc_w_demo_ip
2.0,96.0,1.7954362416107383,1.4848322147651007,df_result_cc_w_demo_ip
2.0,97.0,1.8186208746981487,1.5325999463375368,df_result_cc_w_demo_ip
2.0,98.0,1.7990314769975786,1.5022867904223836,df_result_cc_w_demo_ip
2.0,99.0,1.7879602257457672,1.4966406879871001,df_result_cc_w_demo_ip
0.0,0.0,1.7981749865807837,1.498389694041868,df_result_cc_wo_demo_ip
0.0,1.0,1.7980691874497183,1.4977205685170287,df_result_cc_wo_demo_ip
0.0,2.0,1.8088195751546114,1.5340145200322668,df_result_cc_wo_demo_ip
0.0,3.0,1.7996239591727101,1.538006983615364,df_result_cc_wo_demo_ip
0.0,4.0,1.8169618894256576,1.5311325818572195,df_result_cc_wo_demo_ip
0.0,5.0,1.786999731399409,1.5022831050228311,df_result_cc_wo_demo_ip
0.0,6.0,1.8087049973132725,1.4924771628156905,df_result_cc_wo_demo_ip
0.0,7.0,1.8008064516129032,1.5018817204301076,df_result_cc_wo_demo_ip
0.0,8.0,1.7870569280343716,1.4771750805585393,df_result_cc_wo_demo_ip
0.0,9.0,1.7847931219774316,1.4814615797958086,df_result_cc_wo_demo_ip
0.0,10.0,1.8105999461931666,1.4963680387409202,df_result_cc_wo_demo_ip
0.0,11.0,1.8225806451612903,1.514516129032258,df_result_cc_wo_demo_ip
0.0,12.0,1.797362755651238,1.4771259418729816,df_result_cc_wo_demo_ip
0.0,13.0,1.779774678111588,1.4766630901287554,df_result_cc_wo_demo_ip
0.0,14.0,1.798760775862069,1.5091594827586208,df_result_cc_wo_demo_ip
0.0,15.0,1.7681354110693175,1.4846856528747985,df_result_cc_wo_demo_ip
0.0,16.0,1.8076303062869425,1.4860290166577108,df_result_cc_wo_demo_ip
0.0,17.0,1.8045173433718742,1.50497445549879,df_result_cc_wo_demo_ip
0.0,18.0,1.7928994082840237,1.4817105970952125,df_result_cc_wo_demo_ip
0.0,19.0,1.7979580870499732,1.4674905964535196,df_result_cc_wo_demo_ip
0.0,20.0,1.805697393173878,1.487772104273045,df_result_cc_wo_demo_ip
0.0,21.0,1.7942995428878732,1.4826566281258402,df_result_cc_wo_demo_ip
0.0,22.0,1.8183772165502419,1.5,df_result_cc_wo_demo_ip
0.0,23.0,1.8137228625033504,1.483784508174752,df_result_cc_wo_demo_ip
0.0,24.0,1.7875369325812516,1.496105291431641,df_result_cc_wo_demo_ip
0.0,25.0,1.7900107411385606,1.504296455424275,df_result_cc_wo_demo_ip
0.0,26.0,1.8148347218489653,1.5358774522977694,df_result_cc_wo_demo_ip
0.0,27.0,1.8134909970438053,1.5095404461166353,df_result_cc_wo_demo_ip
0.0,28.0,1.8086535877452299,1.5108841709217953,df_result_cc_wo_demo_ip
0.0,29.0,1.7984974510330025,1.5116715857257847,df_result_cc_wo_demo_ip
0.0,30.0,1.7940386680988185,1.4661654135338347,df_result_cc_wo_demo_ip
0.0,31.0,1.8133047210300428,1.4949034334763949,df_result_cc_wo_demo_ip
0.0,32.0,1.8141783029001075,1.5110096670247046,df_result_cc_wo_demo_ip
0.0,33.0,1.8226759806555615,1.4892530897367007,df_result_cc_wo_demo_ip
0.0,34.0,1.815153143471252,1.4965072541644278,df_result_cc_wo_demo_ip
0.0,35.0,1.7986055242692411,1.5269509251810136,df_result_cc_wo_demo_ip
0.0,36.0,1.8087563792640344,1.5157131345688961,df_result_cc_wo_demo_ip
0.0,37.0,1.7954239569313593,1.5176312247644683,df_result_cc_wo_demo_ip
0.0,38.0,1.788936627282492,1.4860365198711063,df_result_cc_wo_demo_ip
0.0,39.0,1.8085277554304102,1.5103244837758112,df_result_cc_wo_demo_ip
0.0,40.0,1.8097928436911488,1.5138552596179715,df_result_cc_wo_demo_ip
0.0,41.0,1.8035522066738428,1.4652852529601723,df_result_cc_wo_demo_ip
0.0,42.0,1.7779565567176188,1.4904800214534728,df_result_cc_wo_demo_ip
0.0,43.0,1.8025785656728446,1.486972871340317,df_result_cc_wo_demo_ip
0.0,44.0,1.8120300751879699,1.4613319011815253,df_result_cc_wo_demo_ip
0.0,45.0,1.799355358581789,1.4864356701584744,df_result_cc_wo_demo_ip
0.0,46.0,1.8174986580783683,1.503220611916264,df_result_cc_wo_demo_ip
0.0,47.0,1.784081742403872,1.5372411938693198,df_result_cc_wo_demo_ip
0.0,48.0,1.792315959161741,1.484416980118216,df_result_cc_wo_demo_ip
0.0,49.0,1.806390977443609,1.4908700322234156,df_result_cc_wo_demo_ip
0.0,50.0,1.8036578805809576,1.50161377084454,df_result_cc_wo_demo_ip
0.0,51.0,1.7872111767866738,1.4860290166577108,df_result_cc_wo_demo_ip
0.0,52.0,1.7880420145434959,1.4643145704282252,df_result_cc_wo_demo_ip
0.0,53.0,1.8061827956989247,1.4771505376344085,df_result_cc_wo_demo_ip
0.0,54.0,1.7843137254901962,1.4496373892022563,df_result_cc_wo_demo_ip
0.0,55.0,1.8044468256094295,1.4827216715778195,df_result_cc_wo_demo_ip
0.0,56.0,1.7987641053197205,1.5182697474476088,df_result_cc_wo_demo_ip
0.0,57.0,1.801235562718238,1.50416330915928,df_result_cc_wo_demo_ip
0.0,58.0,1.803605057842346,1.5073984396018294,df_result_cc_wo_demo_ip
0.0,59.0,1.816304639313489,1.519174041297935,df_result_cc_wo_demo_ip
0.0,60.0,1.8228018284485077,1.508201129335843,df_result_cc_wo_demo_ip
0.0,61.0,1.7937147461724416,1.4845554660220253,df_result_cc_wo_demo_ip
0.0,62.0,1.7990855298547606,1.4965034965034965,df_result_cc_wo_demo_ip
0.0,63.0,1.778016662187584,1.4587476484815909,df_result_cc_wo_demo_ip
0.0,64.0,1.7983892617449664,1.461476510067114,df_result_cc_wo_demo_ip
0.0,65.0,1.7979037893039505,1.5068529965063155,df_result_cc_wo_demo_ip
0.0,66.0,1.8132724341751747,1.5024180548092423,df_result_cc_wo_demo_ip
0.0,67.0,1.8088709677419355,1.5064516129032257,df_result_cc_wo_demo_ip
0.0,68.0,1.7962365591397849,1.4833333333333334,df_result_cc_wo_demo_ip
0.0,69.0,1.7994630872483222,1.465234899328859,df_result_cc_wo_demo_ip
0.0,70.0,1.8192349137931034,1.5191271551724137,df_result_cc_wo_demo_ip
0.0,71.0,1.7891485361267794,1.4491001880204137,df_result_cc_wo_demo_ip
0.0,72.0,1.7740462117141322,1.4919398173025256,df_result_cc_wo_demo_ip
0.0,73.0,1.816545796400752,1.5157131345688961,df_result_cc_wo_demo_ip
0.0,74.0,1.790916420317119,1.4875033593120128,df_result_cc_wo_demo_ip
0.0,75.0,1.8083333333333333,1.4959677419354838,df_result_cc_wo_demo_ip
0.0,76.0,1.8021505376344087,1.499731182795699,df_result_cc_wo_demo_ip
0.0,77.0,1.8175711982804943,1.5381515314347125,df_result_cc_wo_demo_ip
0.0,78.0,1.7953813104189045,1.5051020408163265,df_result_cc_wo_demo_ip
0.0,79.0,1.7884977156678312,1.4743348562214458,df_result_cc_wo_demo_ip
0.0,80.0,1.8277344799785005,1.5181402848696588,df_result_cc_wo_demo_ip
0.0,81.0,1.7831810854379366,1.4841483073616335,df_result_cc_wo_demo_ip
0.0,82.0,1.7818132902878665,1.4648910411622276,df_result_cc_wo_demo_ip
0.0,83.0,1.791991400161247,1.4815909701693093,df_result_cc_wo_demo_ip
0.0,84.0,1.7945057904659305,1.5012119579854566,df_result_cc_wo_demo_ip
0.0,85.0,1.82333960742135,1.5297122882495295,df_result_cc_wo_demo_ip
0.0,86.0,1.8202579258463192,1.529554003224073,df_result_cc_wo_demo_ip
0.0,87.0,1.7974785407725322,1.4959763948497855,df_result_cc_wo_demo_ip
0.0,88.0,1.8058617908039796,1.501478892175316,df_result_cc_wo_demo_ip
0.0,89.0,1.774765100671141,1.4826845637583892,df_result_cc_wo_demo_ip
0.0,90.0,1.8064949006977993,1.5222758990874934,df_result_cc_wo_demo_ip
0.0,91.0,1.7896995708154506,1.4908798283261802,df_result_cc_wo_demo_ip
0.0,92.0,1.812533620225928,1.4919311457772997,df_result_cc_wo_demo_ip
0.0,93.0,1.8026315789473684,1.5397422126745435,df_result_cc_wo_demo_ip
0.0,94.0,1.8125167875369326,1.4832124630674188,df_result_cc_wo_demo_ip
0.0,95.0,1.8030059044551798,1.5426731078904992,df_result_cc_wo_demo_ip
0.0,96.0,1.8281879194630872,1.5208053691275167,df_result_cc_wo_demo_ip
0.0,97.0,1.8167426884894016,1.5028172793131205,df_result_cc_wo_demo_ip
0.0,98.0,1.7958030669895078,1.4917944578961528,df_result_cc_wo_demo_ip
0.0,99.0,1.8022037086804623,1.4969094329481323,df_result_cc_wo_demo_ip
1.0,0.0,1.8142780461621042,1.5072463768115942,df_result_cc_wo_demo_ip
1.0,1.0,1.777420219898096,1.4926253687315634,df_result_cc_wo_demo_ip
1.0,2.0,1.8063995697768218,1.5135789190642646,df_result_cc_wo_demo_ip
1.0,3.0,1.7749127048079505,1.4748858447488584,df_result_cc_wo_demo_ip
1.0,4.0,1.7852925389157273,1.493022007514761,df_result_cc_wo_demo_ip
1.0,5.0,1.8044587698092935,1.5189363416599517,df_result_cc_wo_demo_ip
1.0,6.0,1.791778613648576,1.5188070929607738,df_result_cc_wo_demo_ip
1.0,7.0,1.7865591397849463,1.4685483870967742,df_result_cc_wo_demo_ip
1.0,8.0,1.7926960257787325,1.495703544575725,df_result_cc_wo_demo_ip
1.0,9.0,1.763836646963998,1.491133799032778,df_result_cc_wo_demo_ip
1.0,10.0,1.7987624428302393,1.5359160613397902,df_result_cc_wo_demo_ip
1.0,11.0,1.8196236559139785,1.5223118279569892,df_result_cc_wo_demo_ip
1.0,12.0,1.8078579117330462,1.498654467168999,df_result_cc_wo_demo_ip
1.0,13.0,1.7988197424892705,1.488733905579399,df_result_cc_wo_demo_ip
1.0,14.0,1.7979525862068966,1.4994612068965518,df_result_cc_wo_demo_ip
1.0,15.0,1.813003761418592,1.5174637291778614,df_result_cc_wo_demo_ip
1.0,16.0,1.7982267598065556,1.5013433637829123,df_result_cc_wo_demo_ip
1.0,17.0,1.7886528636730303,1.4834632965851036,df_result_cc_wo_demo_ip
1.0,18.0,1.7926304464766003,1.5051102743410436,df_result_cc_wo_demo_ip
1.0,19.0,1.7947340139709833,1.498387963460505,df_result_cc_wo_demo_ip
1.0,20.0,1.791185165278151,1.485084654662725,df_result_cc_wo_demo_ip
1.0,21.0,1.7859639688088196,1.4893788652863673,df_result_cc_wo_demo_ip
1.0,22.0,1.8009134873723804,1.4801182160128963,df_result_cc_wo_demo_ip
1.0,23.0,1.8204234789600644,1.5135352452425623,df_result_cc_wo_demo_ip
1.0,24.0,1.8028471662637657,1.5162503357507386,df_result_cc_wo_demo_ip
1.0,25.0,1.80343716433942,1.4605263157894737,df_result_cc_wo_demo_ip
1.0,26.0,1.8298844396667562,1.5339962375705456,df_result_cc_wo_demo_ip
1.0,27.0,1.8022037086804623,1.5103466809997312,df_result_cc_wo_demo_ip
1.0,28.0,1.805428648212846,1.5020155872077399,df_result_cc_wo_demo_ip
1.0,29.0,1.7936678293533672,1.5122082103568555,df_result_cc_wo_demo_ip
1.0,30.0,1.8026315789473684,1.501611170784103,df_result_cc_wo_demo_ip
1.0,31.0,1.8173283261802575,1.4994635193133048,df_result_cc_wo_demo_ip
1.0,32.0,1.7883995703544575,1.4728786251342643,df_result_cc_wo_demo_ip
1.0,33.0,1.8030628694250403,1.5040300913487372,df_result_cc_wo_demo_ip
1.0,34.0,1.7987641053197205,1.5029554003224073,df_result_cc_wo_demo_ip
1.0,35.0,1.7972646822204343,1.5046929471708232,df_result_cc_wo_demo_ip
1.0,36.0,1.820037604082729,1.5286059629331183,df_result_cc_wo_demo_ip
1.0,37.0,1.8123822341857334,1.531628532974428,df_result_cc_wo_demo_ip
1.0,38.0,1.8023630504833512,1.4766380236305048,df_result_cc_wo_demo_ip
1.0,39.0,1.8020917135961383,1.4936980423706088,df_result_cc_wo_demo_ip
1.0,40.0,1.8146354587032554,1.5439870863599676,df_result_cc_wo_demo_ip
1.0,41.0,1.788751345532831,1.4472551130247577,df_result_cc_wo_demo_ip
1.0,42.0,1.7744703673907214,1.4990614105658353,df_result_cc_wo_demo_ip
1.0,43.0,1.7665860864893903,1.461993016384636,df_result_cc_wo_demo_ip
1.0,44.0,1.8112244897959184,1.495703544575725,df_result_cc_wo_demo_ip
1.0,45.0,1.8184260005372013,1.5178619392962664,df_result_cc_wo_demo_ip
1.0,46.0,1.8341384863123993,1.5042941492216855,df_result_cc_wo_demo_ip
1.0,47.0,1.8020973379940843,1.4807744017208928,df_result_cc_wo_demo_ip
1.0,48.0,1.77055346587856,1.4744760881246641,df_result_cc_wo_demo_ip
1.0,49.0,1.779001074113856,1.4621374865735768,df_result_cc_wo_demo_ip
1.0,50.0,1.7958579881656804,1.506993006993007,df_result_cc_wo_demo_ip
1.0,51.0,1.7880171950564212,1.507254164427727,df_result_cc_wo_demo_ip
1.0,52.0,1.771613250740641,1.4783194182601669,df_result_cc_wo_demo_ip
1.0,53.0,1.8271505376344086,1.520967741935484,df_result_cc_wo_demo_ip
1.0,54.0,1.786999731399409,1.5022831050228311,df_result_cc_wo_demo_ip
1.0,55.0,1.8127511384945085,1.5001339405304046,df_result_cc_wo_demo_ip
1.0,56.0,1.792853304674906,1.4809242342826436,df_result_cc_wo_demo_ip
1.0,57.0,1.7805533172172978,1.499597099113618,df_result_cc_wo_demo_ip
1.0,58.0,1.799569545332257,1.478073715361851,df_result_cc_wo_demo_ip
1.0,59.0,1.8101367658889782,1.4910163582729954,df_result_cc_wo_demo_ip
1.0,60.0,1.8155418123151386,1.522183382629739,df_result_cc_wo_demo_ip
1.0,61.0,1.8100993822186409,1.518399140478109,df_result_cc_wo_demo_ip
1.0,62.0,1.779182356105433,1.5,df_result_cc_wo_demo_ip
1.0,63.0,1.8089223327062618,1.4993281375974201,df_result_cc_wo_demo_ip
1.0,64.0,1.8214765100671142,1.5111409395973154,df_result_cc_wo_demo_ip
1.0,65.0,1.8164471916151572,1.5162590701424348,df_result_cc_wo_demo_ip
1.0,66.0,1.8202579258463192,1.5171950564212788,df_result_cc_wo_demo_ip
1.0,67.0,1.7951612903225806,1.510752688172043,df_result_cc_wo_demo_ip
1.0,68.0,1.7962365591397849,1.4510752688172044,df_result_cc_wo_demo_ip
1.0,69.0,1.7975838926174497,1.497986577181208,df_result_cc_wo_demo_ip
1.0,70.0,1.8068426724137931,1.4911099137931034,df_result_cc_wo_demo_ip
1.0,71.0,1.8060703733548213,1.5073865162503357,df_result_cc_wo_demo_ip
1.0,72.0,1.785599140247179,1.499462654486835,df_result_cc_wo_demo_ip
1.0,73.0,1.7910287402632286,1.478109051839914,df_result_cc_wo_demo_ip
1.0,74.0,1.8113410373555496,1.5095404461166353,df_result_cc_wo_demo_ip
1.0,75.0,1.7852150537634408,1.493279569892473,df_result_cc_wo_demo_ip
1.0,76.0,1.8048387096774194,1.5013440860215055,df_result_cc_wo_demo_ip
1.0,77.0,1.7960773777538959,1.5091348737238044,df_result_cc_wo_demo_ip
1.0,78.0,1.8160580021482278,1.530612244897959,df_result_cc_wo_demo_ip
1.0,79.0,1.8089223327062618,1.5098091910776672,df_result_cc_wo_demo_ip
1.0,80.0,1.7968288094598226,1.514377855415211,df_result_cc_wo_demo_ip
1.0,81.0,1.792315959161741,1.4594304137560452,df_result_cc_wo_demo_ip
1.0,82.0,1.808985741189131,1.501748722087705,df_result_cc_wo_demo_ip
1.0,83.0,1.8011287288363342,1.498790647675356,df_result_cc_wo_demo_ip
1.0,84.0,1.7713439267438729,1.456773498518718,df_result_cc_wo_demo_ip
1.0,85.0,1.804248453885453,1.5243344985211078,df_result_cc_wo_demo_ip
1.0,86.0,1.782912412681354,1.4889844169801183,df_result_cc_wo_demo_ip
1.0,87.0,1.8114270386266094,1.5080472103004292,df_result_cc_wo_demo_ip
1.0,88.0,1.7918795375100833,1.5326700726001614,df_result_cc_wo_demo_ip
1.0,89.0,1.8024161073825504,1.4891275167785234,df_result_cc_wo_demo_ip
1.0,90.0,1.7933440687063875,1.4814814814814814,df_result_cc_wo_demo_ip
1.0,91.0,1.8015021459227467,1.5405042918454936,df_result_cc_wo_demo_ip
1.0,92.0,1.7724583109198493,1.4653039268423884,df_result_cc_wo_demo_ip
1.0,93.0,1.8080021482277122,1.4801288936627282,df_result_cc_wo_demo_ip
1.0,94.0,1.816545796400752,1.504969110932044,df_result_cc_wo_demo_ip
1.0,95.0,1.8183038110574343,1.5373054213633923,df_result_cc_wo_demo_ip
1.0,96.0,1.811006711409396,1.490738255033557,df_result_cc_wo_demo_ip
1.0,97.0,1.8025221357660317,1.4939629729004562,df_result_cc_wo_demo_ip
1.0,98.0,1.7885391444713479,1.478073715361851,df_result_cc_wo_demo_ip
1.0,99.0,1.7973662993818866,1.4829346949744693,df_result_cc_wo_demo_ip
2.0,0.0,1.8089103596349974,1.4377348362855609,df_result_cc_wo_demo_ip
2.0,1.0,1.7889514615178332,1.4883346741753822,df_result_cc_wo_demo_ip
2.0,2.0,1.803979564399032,1.5133100295778434,df_result_cc_wo_demo_ip
2.0,3.0,1.77894171367177,1.4880472737040022,df_result_cc_wo_demo_ip
2.0,4.0,1.800053676865271,1.4949006977992485,df_result_cc_wo_demo_ip
2.0,5.0,1.7964007520816545,1.4877786731130809,df_result_cc_wo_demo_ip
2.0,6.0,1.7987641053197205,1.5126276195593766,df_result_cc_wo_demo_ip
2.0,7.0,1.803225806451613,1.4736559139784946,df_result_cc_wo_demo_ip
2.0,8.0,1.7924274973147154,1.4991944146079483,df_result_cc_wo_demo_ip
2.0,9.0,1.7952713594841483,1.479849543256314,df_result_cc_wo_demo_ip
2.0,10.0,1.7958030669895078,1.5092816787732042,df_result_cc_wo_demo_ip
2.0,11.0,1.8072580645161291,1.5258064516129033,df_result_cc_wo_demo_ip
2.0,12.0,1.807319698600646,1.5094187298170076,df_result_cc_wo_demo_ip
2.0,13.0,1.7714592274678111,1.4895386266094421,df_result_cc_wo_demo_ip
2.0,14.0,1.8057650862068966,1.4865301724137931,df_result_cc_wo_demo_ip
2.0,15.0,1.7979580870499732,1.4959699086512628,df_result_cc_wo_demo_ip
2.0,16.0,1.7915099408919934,1.4836109618484685,df_result_cc_wo_demo_ip
2.0,17.0,1.810701801559559,1.501478892175316,df_result_cc_wo_demo_ip
2.0,18.0,1.7883270575578267,1.4752555137170522,df_result_cc_wo_demo_ip
2.0,19.0,1.8052122514777003,1.4857603439011284,df_result_cc_wo_demo_ip
2.0,20.0,1.791185165278151,1.5060467616232196,df_result_cc_wo_demo_ip
2.0,21.0,1.7951062113471363,1.5028233396074213,df_result_cc_wo_demo_ip
2.0,22.0,1.7904352498656637,1.4828049435787212,df_result_cc_wo_demo_ip
2.0,23.0,1.7914768158670598,1.4891450013401233,df_result_cc_wo_demo_ip
2.0,24.0,1.7990867579908676,1.5106097233413913,df_result_cc_wo_demo_ip
2.0,25.0,1.800483351235231,1.5075187969924813,df_result_cc_wo_demo_ip
2.0,26.0,1.806503628056974,1.4944907282988444,df_result_cc_wo_demo_ip
2.0,27.0,1.8161784466541253,1.5364149422198334,df_result_cc_wo_demo_ip
2.0,28.0,1.7970975544208545,1.5189465197527547,df_result_cc_wo_demo_ip
2.0,29.0,1.799839012610679,1.4877917896431445,df_result_cc_wo_demo_ip
2.0,30.0,1.8074650912996777,1.4846938775510203,df_result_cc_wo_demo_ip
2.0,31.0,1.7878218884120172,1.5002682403433476,df_result_cc_wo_demo_ip
2.0,32.0,1.7897422126745435,1.4997314715359829,df_result_cc_wo_demo_ip
2.0,33.0,1.793390650188071,1.4645351961311124,df_result_cc_wo_demo_ip
2.0,34.0,1.8213326168726491,1.5505104782375068,df_result_cc_wo_demo_ip
2.0,35.0,1.7967283454009118,1.4883346741753822,df_result_cc_wo_demo_ip
2.0,36.0,1.7966693526725759,1.4990598979317755,df_result_cc_wo_demo_ip
2.0,37.0,1.799192462987887,1.5087483176312249,df_result_cc_wo_demo_ip
2.0,38.0,1.8050483351235231,1.5080558539205156,df_result_cc_wo_demo_ip
2.0,39.0,1.8031643872351837,1.5044247787610618,df_result_cc_wo_demo_ip
2.0,40.0,1.807909604519774,1.5404896421845575,df_result_cc_wo_demo_ip
2.0,41.0,1.7806781485468246,1.4663616792249732,df_result_cc_wo_demo_ip
2.0,42.0,1.8055779029230357,1.5186377044784125,df_result_cc_wo_demo_ip
2.0,43.0,1.8323932312651088,1.4974482943862477,df_result_cc_wo_demo_ip
2.0,44.0,1.806390977443609,1.5075187969924813,df_result_cc_wo_demo_ip
2.0,45.0,1.7861939296266451,1.5047005103411228,df_result_cc_wo_demo_ip
2.0,46.0,1.8043478260869565,1.4755770263016639,df_result_cc_wo_demo_ip
2.0,47.0,1.8109706910459802,1.5307878461952138,df_result_cc_wo_demo_ip
2.0,48.0,1.7837184309511016,1.4680279419666846,df_result_cc_wo_demo_ip
2.0,49.0,1.7781954887218046,1.4951664876476907,df_result_cc_wo_demo_ip
2.0,50.0,1.8192576654115116,1.5247444862829478,df_result_cc_wo_demo_ip
2.0,51.0,1.80628694250403,1.5123589468027943,df_result_cc_wo_demo_ip
2.0,52.0,1.7729598707244816,1.4656611904120658,df_result_cc_wo_demo_ip
2.0,53.0,1.803225806451613,1.4768817204301075,df_result_cc_wo_demo_ip
2.0,54.0,1.7918345420359925,1.4840182648401827,df_result_cc_wo_demo_ip
2.0,55.0,1.8090008036431824,1.4958478435574605,df_result_cc_wo_demo_ip
2.0,56.0,1.80736163353036,1.532778076303063,df_result_cc_wo_demo_ip
2.0,57.0,1.7934461455815203,1.478109051839914,df_result_cc_wo_demo_ip
2.0,58.0,1.8138283562012376,1.4987893462469735,df_result_cc_wo_demo_ip
2.0,59.0,1.831858407079646,1.5221238938053097,df_result_cc_wo_demo_ip
2.0,60.0,1.8260285022855607,1.4995966657703683,df_result_cc_wo_demo_ip
2.0,61.0,1.8109051839914048,1.5132957292506044,df_result_cc_wo_demo_ip
2.0,62.0,1.7781065088757397,1.5075309306078537,df_result_cc_wo_demo_ip
2.0,63.0,1.791185165278151,1.4904595538833647,df_result_cc_wo_demo_ip
2.0,64.0,1.796241610738255,1.5044295302013422,df_result_cc_wo_demo_ip
2.0,65.0,1.7949475947325988,1.4799785004031174,df_result_cc_wo_demo_ip
2.0,66.0,1.8132724341751747,1.5131649650725416,df_result_cc_wo_demo_ip
2.0,67.0,1.7884408602150537,1.5008064516129032,df_result_cc_wo_demo_ip
2.0,68.0,1.810215053763441,1.5129032258064516,df_result_cc_wo_demo_ip
2.0,69.0,1.7895302013422818,1.4424161073825503,df_result_cc_wo_demo_ip
2.0,70.0,1.7893318965517242,1.4886853448275863,df_result_cc_wo_demo_ip
2.0,71.0,1.801235562718238,1.491539081385979,df_result_cc_wo_demo_ip
2.0,72.0,1.7925846319183234,1.5026867275658249,df_result_cc_wo_demo_ip
2.0,73.0,1.8036529680365296,1.4928820843405854,df_result_cc_wo_demo_ip
2.0,74.0,1.8137597420048375,1.501746842246708,df_result_cc_wo_demo_ip
2.0,75.0,1.7809139784946237,1.489516129032258,df_result_cc_wo_demo_ip
2.0,76.0,1.7959677419354838,1.4811827956989247,df_result_cc_wo_demo_ip
2.0,77.0,1.8253627082213864,1.5053734551316496,df_result_cc_wo_demo_ip
2.0,78.0,1.7988721804511278,1.5080558539205156,df_result_cc_wo_demo_ip
2.0,79.0,1.8022037086804623,1.4743348562214458,df_result_cc_wo_demo_ip
2.0,80.0,1.8000537489922064,1.5052405267401237,df_result_cc_wo_demo_ip
2.0,81.0,1.823481998925309,1.501612036539495,df_result_cc_wo_demo_ip
2.0,82.0,1.7909604519774012,1.470540758676352,df_result_cc_wo_demo_ip
2.0,83.0,1.8086535877452299,1.4853533996237571,df_result_cc_wo_demo_ip
2.0,84.0,1.8050094263398868,1.4748182063021815,df_result_cc_wo_demo_ip
2.0,85.0,1.797257327238505,1.4896477547727884,df_result_cc_wo_demo_ip
2.0,86.0,1.8143471252015047,1.5102095647501343,df_result_cc_wo_demo_ip
2.0,87.0,1.7854077253218885,1.4986587982832618,df_result_cc_wo_demo_ip
2.0,88.0,1.793761763915031,1.4971766603925787,df_result_cc_wo_demo_ip
2.0,89.0,1.795973154362416,1.4993288590604026,df_result_cc_wo_demo_ip
2.0,90.0,1.7737520128824478,1.5107353730542137,df_result_cc_wo_demo_ip
2.0,91.0,1.7956008583690988,1.5158261802575108,df_result_cc_wo_demo_ip
2.0,92.0,1.793168370091447,1.4841312533620226,df_result_cc_wo_demo_ip
2.0,93.0,1.8200859291084854,1.5166487647690656,df_result_cc_wo_demo_ip
2.0,94.0,1.8082191780821917,1.5280687617512758,df_result_cc_wo_demo_ip
2.0,95.0,1.7930756843800322,1.5214707461084274,df_result_cc_wo_demo_ip
2.0,96.0,1.792751677852349,1.5148993288590604,df_result_cc_wo_demo_ip
2.0,97.0,1.8156694392272605,1.5202575798229139,df_result_cc_wo_demo_ip
2.0,98.0,1.8044121603443637,1.490987355394135,df_result_cc_wo_demo_ip
2.0,99.0,1.7874227358237034,1.4783660306369255,df_result_cc_wo_demo_ip
0.0,0.0,1.37385936661299,0.8985507246376812,df_result_nc_w_demo_ip
0.0,1.0,1.3984982569053366,0.9627245910431751,df_result_nc_w_demo_ip
0.0,2.0,1.414896477547728,0.9774132831406293,df_result_nc_w_demo_ip
0.0,3.0,1.4525919957023905,0.9860327692720924,df_result_nc_w_demo_ip
0.0,4.0,1.4549114331723028,0.9452495974235104,df_result_nc_w_demo_ip
0.0,5.0,1.4587698092935804,0.9567553048616707,df_result_nc_w_demo_ip
0.0,6.0,1.4196668457818378,0.929876410531972,df_result_nc_w_demo_ip
0.0,7.0,1.3188172043010753,0.9080645161290323,df_result_nc_w_demo_ip
0.0,8.0,1.4344790547798068,0.9164876476906552,df_result_nc_w_demo_ip
0.0,9.0,1.4073078989790435,0.9099946265448684,df_result_nc_w_demo_ip
0.0,10.0,1.5499058380414312,1.0979284369114877,df_result_nc_w_demo_ip
0.0,11.0,1.5473118279569893,1.1045698924731182,df_result_nc_w_demo_ip
0.0,12.0,1.481431646932185,1.057319698600646,df_result_nc_w_demo_ip
0.0,13.0,1.4758583690987124,0.9562768240343348,df_result_nc_w_demo_ip
0.0,14.0,1.5517241379310345,1.1107219827586208,df_result_nc_w_demo_ip
0.0,15.0,1.5392262224610425,1.0849005910800644,df_result_nc_w_demo_ip
0.0,16.0,1.4352498656636217,0.9793121977431488,df_result_nc_w_demo_ip
0.0,17.0,1.42538316751815,0.9975799946222103,df_result_nc_w_demo_ip
0.0,18.0,1.417697686928456,0.9846691769768693,df_result_nc_w_demo_ip
0.0,19.0,1.3981730252552391,0.906501880709296,df_result_nc_w_demo_ip
0.0,20.0,1.4770223058317657,1.02848696586939,df_result_nc_w_demo_ip
0.0,21.0,1.4694810432912073,1.016671148158107,df_result_nc_w_demo_ip
0.0,22.0,1.4202041912950027,0.9341751746372918,df_result_nc_w_demo_ip
0.0,23.0,1.4312516751541142,0.9983918520503886,df_result_nc_w_demo_ip
0.0,24.0,1.5108783239323127,1.1106634434595757,df_result_nc_w_demo_ip
0.0,25.0,1.3880236305048335,0.9336734693877551,df_result_nc_w_demo_ip
0.0,26.0,1.470303681805966,1.0026874496103197,df_result_nc_w_demo_ip
0.0,27.0,1.41521096479441,0.9607632356893309,df_result_nc_w_demo_ip
0.0,28.0,1.485084654662725,1.0120935232464392,df_result_nc_w_demo_ip
0.0,29.0,1.448349879259458,0.975315266970754,df_result_nc_w_demo_ip
0.0,30.0,1.3861439312567132,0.90171858216971,df_result_nc_w_demo_ip
0.0,31.0,1.430793991416309,0.941255364806867,df_result_nc_w_demo_ip
0.0,32.0,1.5577336197636948,1.1493018259935552,df_result_nc_w_demo_ip
0.0,33.0,1.4097259537882858,0.9210102095647501,df_result_nc_w_demo_ip
0.0,34.0,1.4416980118216014,0.9887157442235357,df_result_nc_w_demo_ip
0.0,35.0,1.4709037275408956,0.9300080450522928,df_result_nc_w_demo_ip
0.0,36.0,1.4206285253827557,0.9151222132688692,df_result_nc_w_demo_ip
0.0,37.0,1.4659488559892329,1.000807537012113,df_result_nc_w_demo_ip
0.0,38.0,1.3821160042964553,0.9339419978517723,df_result_nc_w_demo_ip
0.0,39.0,1.4684902118530436,0.9506570126039152,df_result_nc_w_demo_ip
0.0,40.0,1.3976324993274145,0.9101425881086898,df_result_nc_w_demo_ip
0.0,41.0,1.4908503767491927,1.0384822389666308,df_result_nc_w_demo_ip
0.0,42.0,1.5242692410834005,1.11692142665594,df_result_nc_w_demo_ip
0.0,43.0,1.5597636314799892,1.1501477303250067,df_result_nc_w_demo_ip
0.0,44.0,1.4164876476906552,0.9030612244897959,df_result_nc_w_demo_ip
0.0,45.0,1.3945742680633897,0.9175396185871609,df_result_nc_w_demo_ip
0.0,46.0,1.482018250134192,0.9745034889962426,df_result_nc_w_demo_ip
0.0,47.0,1.504705566012369,1.0658779241731648,df_result_nc_w_demo_ip
0.0,48.0,1.4011284255776464,0.9220849005910801,df_result_nc_w_demo_ip
0.0,49.0,1.4575725026852846,0.9693877551020408,df_result_nc_w_demo_ip
0.0,50.0,1.4319526627218935,0.993813878429263,df_result_nc_w_demo_ip
0.0,51.0,1.4395486297689415,0.9091886082751209,df_result_nc_w_demo_ip
0.0,52.0,1.5184486937786157,1.1241583625100997,df_result_nc_w_demo_ip
0.0,53.0,1.3766129032258065,0.9185483870967742,df_result_nc_w_demo_ip
0.0,54.0,1.3953800698361536,0.9049153908138597,df_result_nc_w_demo_ip
0.0,55.0,1.4441467988213232,0.9544602196624699,df_result_nc_w_demo_ip
0.0,56.0,1.431488447071467,0.9583557227297153,df_result_nc_w_demo_ip
0.0,57.0,1.4724684394305667,1.0343808756379265,df_result_nc_w_demo_ip
0.0,58.0,1.4592413236481032,1.0024213075060533,df_result_nc_w_demo_ip
0.0,59.0,1.4255832662912309,0.9233038348082596,df_result_nc_w_demo_ip
0.0,60.0,1.3845119655821458,0.9319709599354665,df_result_nc_w_demo_ip
0.0,61.0,1.3969916733816814,0.8995433789954338,df_result_nc_w_demo_ip
0.0,62.0,1.4257665411511566,0.9488972565895643,df_result_nc_w_demo_ip
0.0,63.0,1.4273044880408492,0.930126310131685,df_result_nc_w_demo_ip
0.0,64.0,1.4985234899328859,1.0096644295302013,df_result_nc_w_demo_ip
0.0,65.0,1.500940607363612,1.042192958882021,df_result_nc_w_demo_ip
0.0,66.0,1.467221923696937,0.9570123589468028,df_result_nc_w_demo_ip
0.0,67.0,1.574731182795699,1.142741935483871,df_result_nc_w_demo_ip
0.0,68.0,1.4814516129032258,1.0545698924731184,df_result_nc_w_demo_ip
0.0,69.0,1.389261744966443,0.913020134228188,df_result_nc_w_demo_ip
0.0,70.0,1.4108297413793103,0.9369612068965517,df_result_nc_w_demo_ip
0.0,71.0,1.5033575073865162,1.0827289820037604,df_result_nc_w_demo_ip
0.0,72.0,1.377485222998388,0.9212788823213326,df_result_nc_w_demo_ip
0.0,73.0,1.5132957292506044,1.0448562986838572,df_result_nc_w_demo_ip
0.0,74.0,1.3945176027949475,0.8919645256651437,df_result_nc_w_demo_ip
0.0,75.0,1.5274193548387096,1.0677419354838709,df_result_nc_w_demo_ip
0.0,76.0,1.375537634408602,0.9193548387096774,df_result_nc_w_demo_ip
0.0,77.0,1.4860290166577108,0.9911337990327781,df_result_nc_w_demo_ip
0.0,78.0,1.526047261009667,1.1262083780880774,df_result_nc_w_demo_ip
0.0,79.0,1.4412792260145122,0.9658693899489385,df_result_nc_w_demo_ip
0.0,80.0,1.4845471647406612,1.0064498790647676,df_result_nc_w_demo_ip
0.0,81.0,1.5096722192369694,1.0666308436324556,df_result_nc_w_demo_ip
0.0,82.0,1.513317191283293,1.0815173527037933,df_result_nc_w_demo_ip
0.0,83.0,1.3711367911851653,0.9376511690405804,df_result_nc_w_demo_ip
0.0,84.0,1.444923242660921,0.9803393482359278,df_result_nc_w_demo_ip
0.0,85.0,1.408443129873622,0.9357354127453616,df_result_nc_w_demo_ip
0.0,86.0,1.4903277807630306,1.0198817839871037,df_result_nc_w_demo_ip
0.0,87.0,1.5608905579399142,1.1172210300429184,df_result_nc_w_demo_ip
0.0,88.0,1.4627588061306802,1.010217800484001,df_result_nc_w_demo_ip
0.0,89.0,1.4193288590604027,0.9140939597315436,df_result_nc_w_demo_ip
0.0,90.0,1.3695652173913044,0.9071390230810521,df_result_nc_w_demo_ip
0.0,91.0,1.472371244635193,1.0480150214592274,df_result_nc_w_demo_ip
0.0,92.0,1.513986013986014,1.0352339967724584,df_result_nc_w_demo_ip
0.0,93.0,1.4401181525241675,0.9441460794844253,df_result_nc_w_demo_ip
0.0,94.0,1.4195541230190707,0.9242546333601934,df_result_nc_w_demo_ip
0.0,95.0,1.4213633923778852,0.9626945786366076,df_result_nc_w_demo_ip
0.0,96.0,1.5038926174496645,1.057986577181208,df_result_nc_w_demo_ip
0.0,97.0,1.4936946605849208,0.9766568285484304,df_result_nc_w_demo_ip
0.0,98.0,1.4344901802528922,0.9287059456550982,df_result_nc_w_demo_ip
0.0,99.0,1.52781510346681,1.1483472184896533,df_result_nc_w_demo_ip
1.0,0.0,1.4087493290391842,0.9176060118089103,df_result_nc_w_demo_ip
1.0,1.0,1.3700724054706355,0.8919281308661839,df_result_nc_w_demo_ip
1.0,2.0,1.4202742672761495,0.9822532938962086,df_result_nc_w_demo_ip
1.0,3.0,1.4641418211120065,1.0185334407735698,df_result_nc_w_demo_ip
1.0,4.0,1.3722490606548579,0.9122383252818036,df_result_nc_w_demo_ip
1.0,5.0,1.3631479989255977,0.8831587429492345,df_result_nc_w_demo_ip
1.0,6.0,1.4110693175711984,0.9110693175711982,df_result_nc_w_demo_ip
1.0,7.0,1.3782258064516129,0.8970430107526882,df_result_nc_w_demo_ip
1.0,8.0,1.3995703544575726,0.8915145005370569,df_result_nc_w_demo_ip
1.0,9.0,1.3355722729715207,0.9024717893605588,df_result_nc_w_demo_ip
1.0,10.0,1.4987893462469735,1.0613397901533494,df_result_nc_w_demo_ip
1.0,11.0,1.5290322580645161,1.064516129032258,df_result_nc_w_demo_ip
1.0,12.0,1.4044671689989237,0.9058127018299247,df_result_nc_w_demo_ip
1.0,13.0,1.4431330472103003,0.9324034334763949,df_result_nc_w_demo_ip
1.0,14.0,1.441540948275862,0.9832974137931034,df_result_nc_w_demo_ip
1.0,15.0,1.461579795808705,1.015045674368619,df_result_nc_w_demo_ip
1.0,16.0,1.4046211714132186,0.9551316496507254,df_result_nc_w_demo_ip
1.0,17.0,1.402258671685937,0.9230976068835709,df_result_nc_w_demo_ip
1.0,18.0,1.3743948359332974,0.8878429263044648,df_result_nc_w_demo_ip
1.0,19.0,1.361364857603439,0.9078452444922085,df_result_nc_w_demo_ip
1.0,20.0,1.4119860252620264,0.9846815372211771,df_result_nc_w_demo_ip
1.0,21.0,1.445012100026889,1.036568970153267,df_result_nc_w_demo_ip
1.0,22.0,1.4005910800644814,0.8893068242880172,df_result_nc_w_demo_ip
1.0,23.0,1.532028946663093,1.095148753685339,df_result_nc_w_demo_ip
1.0,24.0,1.4910018802041365,1.0574805264571583,df_result_nc_w_demo_ip
1.0,25.0,1.3493555316863588,0.8971535982814178,df_result_nc_w_demo_ip
1.0,26.0,1.4337543671056168,0.9957000806234884,df_result_nc_w_demo_ip
1.0,27.0,1.3773179252889007,0.9247514109110454,df_result_nc_w_demo_ip
1.0,28.0,1.4778285407148617,1.028218220908358,df_result_nc_w_demo_ip
1.0,29.0,1.5387711295948483,1.1057150523209016,df_result_nc_w_demo_ip
1.0,30.0,1.3971535982814178,0.920515574650913,df_result_nc_w_demo_ip
1.0,31.0,1.3551502145922747,0.9058476394849786,df_result_nc_w_demo_ip
1.0,32.0,1.436358754027927,0.9693877551020408,df_result_nc_w_demo_ip
1.0,33.0,1.3796346050510477,0.9046211714132187,df_result_nc_w_demo_ip
1.0,34.0,1.3533046749059645,0.9140247178936056,df_result_nc_w_demo_ip
1.0,35.0,1.4204880665057655,0.9385894341646555,df_result_nc_w_demo_ip
1.0,36.0,1.3534783776524308,0.8788611334944937,df_result_nc_w_demo_ip
1.0,37.0,1.3380888290713324,0.9079407806191118,df_result_nc_w_demo_ip
1.0,38.0,1.3692266380236304,0.8807733619763695,df_result_nc_w_demo_ip
1.0,39.0,1.3778492893537142,0.9080182354518638,df_result_nc_w_demo_ip
1.0,40.0,1.3871401668011838,0.9351627656712402,df_result_nc_w_demo_ip
1.0,41.0,1.580193756727664,1.1601184068891282,df_result_nc_w_demo_ip
1.0,42.0,1.4330919817645482,1.000804505229284,df_result_nc_w_demo_ip
1.0,43.0,1.4783776524308354,1.0902497985495567,df_result_nc_w_demo_ip
1.0,44.0,1.378625134264232,0.9006444683136412,df_result_nc_w_demo_ip
1.0,45.0,1.3972602739726028,0.9051839914047811,df_result_nc_w_demo_ip
1.0,46.0,1.3784219001610305,0.8998926462694579,df_result_nc_w_demo_ip
1.0,47.0,1.5001344447432106,0.9951599892444205,df_result_nc_w_demo_ip
1.0,48.0,1.384739387426115,0.9441160666308437,df_result_nc_w_demo_ip
1.0,49.0,1.3603651987110634,0.894468313641246,df_result_nc_w_demo_ip
1.0,50.0,1.4846691769768692,1.0508337816030124,df_result_nc_w_demo_ip
1.0,51.0,1.4245029554003223,0.9873723804406234,df_result_nc_w_demo_ip
1.0,52.0,1.4756261782924858,1.0377053595475356,df_result_nc_w_demo_ip
1.0,53.0,1.3548387096774193,0.8954301075268817,df_result_nc_w_demo_ip
1.0,54.0,1.449368788611335,1.0287402632285791,df_result_nc_w_demo_ip
1.0,55.0,1.38065898740959,0.9073131529600857,df_result_nc_w_demo_ip
1.0,56.0,1.3492745835572273,0.9043524986566363,df_result_nc_w_demo_ip
1.0,57.0,1.3894708568358851,0.9465484824066613,df_result_nc_w_demo_ip
1.0,58.0,1.411891310196395,0.9453860640301318,df_result_nc_w_demo_ip
1.0,59.0,1.3829444891391793,0.9039957093054438,df_result_nc_w_demo_ip
1.0,60.0,1.3659585910190912,0.8841086313525142,df_result_nc_w_demo_ip
1.0,61.0,1.395648670427075,0.8826215417673919,df_result_nc_w_demo_ip
1.0,62.0,1.377891339429801,0.8811188811188811,df_result_nc_w_demo_ip
1.0,63.0,1.3929051330287556,0.8989518946519752,df_result_nc_w_demo_ip
1.0,64.0,1.4711409395973154,0.9900671140939598,df_result_nc_w_demo_ip
1.0,65.0,1.4004299919376513,0.9016393442622951,df_result_nc_w_demo_ip
1.0,66.0,1.4876410531972057,1.009403546480387,df_result_nc_w_demo_ip
1.0,67.0,1.4860215053763441,1.060752688172043,df_result_nc_w_demo_ip
1.0,68.0,1.500268817204301,1.0728494623655913,df_result_nc_w_demo_ip
1.0,69.0,1.3516778523489932,0.9154362416107382,df_result_nc_w_demo_ip
1.0,70.0,1.4542025862068966,0.9956896551724138,df_result_nc_w_demo_ip
1.0,71.0,1.4206285253827557,0.9981197958635509,df_result_nc_w_demo_ip
1.0,72.0,1.367544331004836,0.8992477162815691,df_result_nc_w_demo_ip
1.0,73.0,1.3800698361536394,0.9368788611334945,df_result_nc_w_demo_ip
1.0,74.0,1.3568933082504704,0.902445579145391,df_result_nc_w_demo_ip
1.0,75.0,1.4911290322580646,1.0239247311827957,df_result_nc_w_demo_ip
1.0,76.0,1.352956989247312,0.8935483870967742,df_result_nc_w_demo_ip
1.0,77.0,1.414830736163353,0.9768941429339065,df_result_nc_w_demo_ip
1.0,78.0,1.5,1.0338345864661653,df_result_nc_w_demo_ip
1.0,79.0,1.3945176027949475,0.9567320612738511,df_result_nc_w_demo_ip
1.0,80.0,1.5057780166621877,1.0747110991668907,df_result_nc_w_demo_ip
1.0,81.0,1.467759269210102,1.007254164427727,df_result_nc_w_demo_ip
1.0,82.0,1.4874899112187248,0.9930051116491795,df_result_nc_w_demo_ip
1.0,83.0,1.3695243214189734,0.88873958613276,df_result_nc_w_demo_ip
1.0,84.0,1.3719364395367628,0.8976568812281174,df_result_nc_w_demo_ip
1.0,85.0,1.4245764990588867,0.9128798063995698,df_result_nc_w_demo_ip
1.0,86.0,1.4634605051047824,1.0413756045137024,df_result_nc_w_demo_ip
1.0,87.0,1.5040236051502145,1.0793991416309012,df_result_nc_w_demo_ip
1.0,88.0,1.4603388007528906,0.9787577305727346,df_result_nc_w_demo_ip
1.0,89.0,1.3755704697986577,0.9293959731543624,df_result_nc_w_demo_ip
1.0,90.0,1.319645732689211,0.8864734299516909,df_result_nc_w_demo_ip
1.0,91.0,1.4734442060085837,1.0265557939914163,df_result_nc_w_demo_ip
1.0,92.0,1.363098440021517,0.9244217321140398,df_result_nc_w_demo_ip
1.0,93.0,1.372717508055854,0.8993018259935553,df_result_nc_w_demo_ip
1.0,94.0,1.365296803652968,0.9033037872683319,df_result_nc_w_demo_ip
1.0,95.0,1.3209876543209877,0.8717122920021471,df_result_nc_w_demo_ip
1.0,96.0,1.5146308724832214,1.0883221476510068,df_result_nc_w_demo_ip
1.0,97.0,1.4070297826670244,0.9973168768446472,df_result_nc_w_demo_ip
1.0,98.0,1.3973634651600753,0.9042238364272263,df_result_nc_w_demo_ip
1.0,99.0,1.3579682880945982,0.9013705993012631,df_result_nc_w_demo_ip
2.0,0.0,1.855072463768116,1.6462694578636607,df_result_nc_w_demo_ip
2.0,1.0,1.869938321265755,1.6733708769106999,df_result_nc_w_demo_ip
2.0,2.0,1.8486152191449314,1.644796988437752,df_result_nc_w_demo_ip
2.0,3.0,1.8391082460381414,1.56406124093473,df_result_nc_w_demo_ip
2.0,4.0,1.8682232957595277,1.683574879227053,df_result_nc_w_demo_ip
2.0,5.0,1.8713403169486973,1.6881547139403708,df_result_nc_w_demo_ip
2.0,6.0,1.8704997313272433,1.6800107469102632,df_result_nc_w_demo_ip
2.0,7.0,1.8650537634408602,1.678494623655914,df_result_nc_w_demo_ip
2.0,8.0,1.885875402792696,1.6895810955961332,df_result_nc_w_demo_ip
2.0,9.0,1.8629768941429339,1.676518001074691,df_result_nc_w_demo_ip
2.0,10.0,1.7358084476728544,1.4019370460048426,df_result_nc_w_demo_ip
2.0,11.0,1.8268817204301075,1.53252688172043,df_result_nc_w_demo_ip
2.0,12.0,1.867599569429494,1.6396663078579117,df_result_nc_w_demo_ip
2.0,13.0,1.832618025751073,1.5745708154506437,df_result_nc_w_demo_ip
2.0,14.0,1.8389008620689655,1.6123383620689655,df_result_nc_w_demo_ip
2.0,15.0,1.8275120902740463,1.5714669532509404,df_result_nc_w_demo_ip
2.0,16.0,1.845781837721655,1.6241268135411069,df_result_nc_w_demo_ip
2.0,17.0,1.8658241462758807,1.6579725732723851,df_result_nc_w_demo_ip
2.0,18.0,1.8754706831629908,1.6422807961269499,df_result_nc_w_demo_ip
2.0,19.0,1.8766792047286405,1.6735626007522837,df_result_nc_w_demo_ip
2.0,20.0,1.8457403923676432,1.5796828809459822,df_result_nc_w_demo_ip
2.0,21.0,1.8531863404140898,1.6361925248722775,df_result_nc_w_demo_ip
2.0,22.0,1.860827512090274,1.6816227834497581,df_result_nc_w_demo_ip
2.0,23.0,1.7960332350576254,1.500402036987403,df_result_nc_w_demo_ip
2.0,24.0,1.8463604619930163,1.594413107708837,df_result_nc_w_demo_ip
2.0,25.0,1.8039742212674543,1.5147690655209451,df_result_nc_w_demo_ip
2.0,26.0,1.8852459016393444,1.6836871808653588,df_result_nc_w_demo_ip
2.0,27.0,1.874227358237033,1.6809997312550389,df_result_nc_w_demo_ip
2.0,28.0,1.817522171459285,1.5345337274926094,df_result_nc_w_demo_ip
2.0,29.0,1.8612825328682587,1.6423396833914676,df_result_nc_w_demo_ip
2.0,30.0,1.8517722878625134,1.6374865735767992,df_result_nc_w_demo_ip
2.0,31.0,1.6714055793991416,1.3275214592274678,df_result_nc_w_demo_ip
2.0,32.0,1.8399570354457573,1.601235230934479,df_result_nc_w_demo_ip
2.0,33.0,1.869693713057496,1.6800107469102632,df_result_nc_w_demo_ip
2.0,34.0,1.8761418592154755,1.660397635679742,df_result_nc_w_demo_ip
2.0,35.0,1.7870742826495039,1.5017430946634487,df_result_nc_w_demo_ip
2.0,36.0,1.8742949234488315,1.6860059092130002,df_result_nc_w_demo_ip
2.0,37.0,1.8627187079407805,1.663257065948856,df_result_nc_w_demo_ip
2.0,38.0,1.8764769065520945,1.6812567132116005,df_result_nc_w_demo_ip
2.0,39.0,1.821399839098954,1.5618128184499867,df_result_nc_w_demo_ip
2.0,40.0,1.8695184288404627,1.6612859833198816,df_result_nc_w_demo_ip
2.0,41.0,1.8484930032292788,1.5769644779332617,df_result_nc_w_demo_ip
2.0,42.0,1.7924376508447304,1.5095199785465272,df_result_nc_w_demo_ip
2.0,43.0,1.8068761751275852,1.5600322320709106,df_result_nc_w_demo_ip
2.0,44.0,1.8719119226638024,1.6823308270676691,df_result_nc_w_demo_ip
2.0,45.0,1.873757722266989,1.6728444802578566,df_result_nc_w_demo_ip
2.0,46.0,1.8749329039184113,1.678743961352657,df_result_nc_w_demo_ip
2.0,47.0,1.8378596396880882,1.534283409518688,df_result_nc_w_demo_ip
2.0,48.0,1.8750671681891455,1.6544868350349275,df_result_nc_w_demo_ip
2.0,49.0,1.8536519871106338,1.6267454350161117,df_result_nc_w_demo_ip
2.0,50.0,1.879505110274341,1.6643356643356644,df_result_nc_w_demo_ip
2.0,51.0,1.8549167114454594,1.6389038151531434,df_result_nc_w_demo_ip
2.0,52.0,1.7945057904659305,1.526528413681659,df_result_nc_w_demo_ip
2.0,53.0,1.8690860215053764,1.6725806451612903,df_result_nc_w_demo_ip
2.0,54.0,1.8742949234488315,1.664249261348375,df_result_nc_w_demo_ip
2.0,55.0,1.8743637824805786,1.664612911867131,df_result_nc_w_demo_ip
2.0,56.0,1.8449758194519075,1.623589468027942,df_result_nc_w_demo_ip
2.0,57.0,1.8600590921300026,1.6298683857104486,df_result_nc_w_demo_ip
2.0,58.0,1.8595641646489105,1.655367231638418,df_result_nc_w_demo_ip
2.0,59.0,1.8744971842316975,1.65728077232502,df_result_nc_w_demo_ip
2.0,60.0,1.8792686205969347,1.6802904006453347,df_result_nc_w_demo_ip
2.0,61.0,1.8608648939027665,1.6242277733011012,df_result_nc_w_demo_ip
2.0,62.0,1.8730500268961807,1.682894029047875,df_result_nc_w_demo_ip
2.0,63.0,1.8812147272238646,1.6842246707874227,df_result_nc_w_demo_ip
2.0,64.0,1.840268456375839,1.5795973154362417,df_result_nc_w_demo_ip
2.0,65.0,1.8317656543939802,1.5528083848427843,df_result_nc_w_demo_ip
2.0,66.0,1.8036002149382053,1.5145083288554542,df_result_nc_w_demo_ip
2.0,67.0,1.78252688172043,1.521774193548387,df_result_nc_w_demo_ip
2.0,68.0,1.835752688172043,1.5913978494623655,df_result_nc_w_demo_ip
2.0,69.0,1.8638926174496644,1.6939597315436241,df_result_nc_w_demo_ip
2.0,70.0,1.7413793103448276,1.4867995689655173,df_result_nc_w_demo_ip
2.0,71.0,1.849583669084072,1.575611066344346,df_result_nc_w_demo_ip
2.0,72.0,1.8409457281031703,1.6265448683503492,df_result_nc_w_demo_ip
2.0,73.0,1.839645447219984,1.6110663443459576,df_result_nc_w_demo_ip
2.0,74.0,1.8559527008868584,1.652244020424617,df_result_nc_w_demo_ip
2.0,75.0,1.842741935483871,1.6155913978494623,df_result_nc_w_demo_ip
2.0,76.0,1.8760752688172042,1.6629032258064516,df_result_nc_w_demo_ip
2.0,77.0,1.8694250403009134,1.6566362170875872,df_result_nc_w_demo_ip
2.0,78.0,1.8002148227712138,1.5265843179377014,df_result_nc_w_demo_ip
2.0,79.0,1.8505778016662187,1.5925826390755173,df_result_nc_w_demo_ip
2.0,80.0,1.8263907551733405,1.5538833646869121,df_result_nc_w_demo_ip
2.0,81.0,1.814078452444922,1.5448683503492746,df_result_nc_w_demo_ip
2.0,82.0,1.8512241054613936,1.612590799031477,df_result_nc_w_demo_ip
2.0,83.0,1.8825584520290244,1.6766998118785272,df_result_nc_w_demo_ip
2.0,84.0,1.8860759493670887,1.6633450040398599,df_result_nc_w_demo_ip
2.0,85.0,1.8523796719548267,1.62436138746975,df_result_nc_w_demo_ip
2.0,86.0,1.8643202579258462,1.6456206340677055,df_result_nc_w_demo_ip
2.0,87.0,1.8039163090128756,1.4946351931330473,df_result_nc_w_demo_ip
2.0,88.0,1.7760150578112395,1.4963699919333153,df_result_nc_w_demo_ip
2.0,89.0,1.8625503355704698,1.6504697986577181,df_result_nc_w_demo_ip
2.0,90.0,1.8735909822866346,1.6849168008588298,df_result_nc_w_demo_ip
2.0,91.0,1.851931330472103,1.5971030042918455,df_result_nc_w_demo_ip
2.0,92.0,1.832974717590102,1.5946745562130178,df_result_nc_w_demo_ip
2.0,93.0,1.8617078410311494,1.6707841031149302,df_result_nc_w_demo_ip
2.0,94.0,1.8095621810367983,1.5396185871608918,df_result_nc_w_demo_ip
2.0,95.0,1.8792270531400965,1.6808910359634996,df_result_nc_w_demo_ip
2.0,96.0,1.8263087248322147,1.5661744966442952,df_result_nc_w_demo_ip
2.0,97.0,1.8696002146498525,1.6428763080225381,df_result_nc_w_demo_ip
2.0,98.0,1.8614474038202853,1.6725854183481301,df_result_nc_w_demo_ip
2.0,99.0,1.8529965063155065,1.639344262295082,df_result_nc_w_demo_ip
0.0,0.0,1.3907675791733762,0.8969404186795491,df_result_nc_wo_demo_ip
0.0,1.0,1.4789487798337355,1.0490748189863235,df_result_nc_wo_demo_ip
0.0,2.0,1.4780855068566818,1.0153267007260016,df_result_nc_wo_demo_ip
0.0,3.0,1.5178619392962664,1.0413644910018802,df_result_nc_wo_demo_ip
0.0,4.0,1.4396135265700483,0.936929683306495,df_result_nc_wo_demo_ip
0.0,5.0,1.5611066344345959,1.1364491001880204,df_result_nc_wo_demo_ip
0.0,6.0,1.5214938205265987,1.0771090811391726,df_result_nc_wo_demo_ip
0.0,7.0,1.371236559139785,0.9161290322580645,df_result_nc_wo_demo_ip
0.0,8.0,1.413533834586466,0.9315252416756176,df_result_nc_wo_demo_ip
0.0,9.0,1.4489521762493283,1.0596453519613112,df_result_nc_wo_demo_ip
0.0,10.0,1.5127791229486145,1.009416195856874,df_result_nc_wo_demo_ip
0.0,11.0,1.5416666666666667,1.028225806451613,df_result_nc_wo_demo_ip
0.0,12.0,1.4808934337997848,1.0427879440258343,df_result_nc_wo_demo_ip
0.0,13.0,1.4745171673819744,0.9833690987124464,df_result_nc_wo_demo_ip
0.0,14.0,1.5255926724137931,1.0705818965517242,df_result_nc_wo_demo_ip
0.0,15.0,1.4919398173025256,1.0437936593229447,df_result_nc_wo_demo_ip
0.0,16.0,1.453250940354648,0.9739387426114992,df_result_nc_wo_demo_ip
0.0,17.0,1.5264856144124765,1.0825490723312718,df_result_nc_wo_demo_ip
0.0,18.0,1.4166218396987629,0.9876277568585261,df_result_nc_wo_demo_ip
0.0,19.0,1.3858140784524449,0.8962923159591617,df_result_nc_wo_demo_ip
0.0,20.0,1.5348024724536415,1.0725611394786347,df_result_nc_wo_demo_ip
0.0,21.0,1.4541543425652057,1.0080666845926325,df_result_nc_wo_demo_ip
0.0,22.0,1.5940354648038688,1.1695325094035465,df_result_nc_wo_demo_ip
0.0,23.0,1.4157062449745377,1.0136692575716966,df_result_nc_wo_demo_ip
0.0,24.0,1.481600859521891,1.0816545796400752,df_result_nc_wo_demo_ip
0.0,25.0,1.3993018259935552,0.9229323308270677,df_result_nc_wo_demo_ip
0.0,26.0,1.4399355012093524,0.9836065573770492,df_result_nc_wo_demo_ip
0.0,27.0,1.5202902445579145,1.0346680999731255,df_result_nc_wo_demo_ip
0.0,28.0,1.4662725073904865,0.9634506852996506,df_result_nc_wo_demo_ip
0.0,29.0,1.4789374832304802,1.0187818620874698,df_result_nc_wo_demo_ip
0.0,30.0,1.38453276047261,0.8912459720730398,df_result_nc_wo_demo_ip
0.0,31.0,1.4361587982832618,0.9675429184549357,df_result_nc_wo_demo_ip
0.0,32.0,1.481203007518797,1.072234156820623,df_result_nc_wo_demo_ip
0.0,33.0,1.4067705534658785,0.9215475550779151,df_result_nc_wo_demo_ip
0.0,34.0,1.5596453519613112,1.1200967221923697,df_result_nc_wo_demo_ip
0.0,35.0,1.4486457495307052,0.9219629927594529,df_result_nc_wo_demo_ip
0.0,36.0,1.4276121407467097,0.930163846360462,df_result_nc_wo_demo_ip
0.0,37.0,1.3913862718707941,0.9671601615074025,df_result_nc_wo_demo_ip
0.0,38.0,1.4065520945220193,0.9121911922663802,df_result_nc_wo_demo_ip
0.0,39.0,1.3982300884955752,0.9557522123893806,df_result_nc_wo_demo_ip
0.0,40.0,1.4756524078557978,1.0061877858488029,df_result_nc_wo_demo_ip
0.0,41.0,1.433799784714747,1.0465554359526372,df_result_nc_wo_demo_ip
0.0,42.0,1.4979887369267901,1.0547063555913114,df_result_nc_wo_demo_ip
0.0,43.0,1.4496373892022563,0.9742143432715552,df_result_nc_wo_demo_ip
0.0,44.0,1.3950053705692804,0.9054779806659506,df_result_nc_wo_demo_ip
0.0,45.0,1.4085414987912974,0.9102874026322858,df_result_nc_wo_demo_ip
0.0,46.0,1.48040794417606,0.9412238325281803,df_result_nc_wo_demo_ip
0.0,47.0,1.5259478354396343,1.056466792148427,df_result_nc_wo_demo_ip
0.0,48.0,1.5120902740462117,1.0816765180010748,df_result_nc_wo_demo_ip
0.0,49.0,1.4084317937701396,0.9186358754027927,df_result_nc_wo_demo_ip
0.0,50.0,1.449435180204411,0.9548144163528779,df_result_nc_wo_demo_ip
0.0,51.0,1.4083825900053735,0.9438473938742612,df_result_nc_wo_demo_ip
0.0,52.0,1.495286830056558,1.0864530029625639,df_result_nc_wo_demo_ip
0.0,53.0,1.396505376344086,0.9311827956989247,df_result_nc_wo_demo_ip
0.0,54.0,1.4238517324738114,0.9320440504969111,df_result_nc_wo_demo_ip
0.0,55.0,1.4103937851593893,0.9448165014733458,df_result_nc_wo_demo_ip
0.0,56.0,1.4535196131112305,0.9669532509403547,df_result_nc_wo_demo_ip
0.0,57.0,1.4321783507923718,0.9833467633628794,df_result_nc_wo_demo_ip
0.0,58.0,1.444982512779123,1.0029593758407318,df_result_nc_wo_demo_ip
0.0,59.0,1.4408688656476267,0.9643336015017431,df_result_nc_wo_demo_ip
0.0,60.0,1.4756655014788922,1.0414089809088465,df_result_nc_wo_demo_ip
0.0,61.0,1.4131077088369595,0.9067955949503089,df_result_nc_wo_demo_ip
0.0,62.0,1.4193114577729962,0.9158149542764927,df_result_nc_wo_demo_ip
0.0,63.0,1.4404729911314162,0.9113141628594463,df_result_nc_wo_demo_ip
0.0,64.0,1.516778523489933,1.0620134228187919,df_result_nc_wo_demo_ip
0.0,65.0,1.488578339156141,1.0236495565708144,df_result_nc_wo_demo_ip
0.0,66.0,1.4664159054271897,0.9930145083288554,df_result_nc_wo_demo_ip
0.0,67.0,1.4634408602150537,1.0126344086021506,df_result_nc_wo_demo_ip
0.0,68.0,1.5043010752688173,1.114247311827957,df_result_nc_wo_demo_ip
0.0,69.0,1.3935570469798657,0.9122147651006711,df_result_nc_wo_demo_ip
0.0,70.0,1.4436961206896552,0.9563577586206896,df_result_nc_wo_demo_ip
0.0,71.0,1.5012087026591459,1.0792371743217835,df_result_nc_wo_demo_ip
0.0,72.0,1.3782912412681354,0.908651262761956,df_result_nc_wo_demo_ip
0.0,73.0,1.564867042707494,1.1294654848240666,df_result_nc_wo_demo_ip
0.0,74.0,1.4012362268207472,0.8916957807041118,df_result_nc_wo_demo_ip
0.0,75.0,1.4126344086021505,0.8986559139784946,df_result_nc_wo_demo_ip
0.0,76.0,1.4013440860215054,0.9083333333333333,df_result_nc_wo_demo_ip
0.0,77.0,1.5177324019344438,1.084094572810317,df_result_nc_wo_demo_ip
0.0,78.0,1.5134264232008592,1.0700859291084854,df_result_nc_wo_demo_ip
0.0,79.0,1.4195108841709219,0.9432948132222521,df_result_nc_wo_demo_ip
0.0,80.0,1.4815909701693093,1.0443429185702768,df_result_nc_wo_demo_ip
0.0,81.0,1.4266523374529823,0.9685652874798495,df_result_nc_wo_demo_ip
0.0,82.0,1.4433683077750874,0.9244013989776702,df_result_nc_wo_demo_ip
0.0,83.0,1.3778554152109648,0.9207202364955657,df_result_nc_wo_demo_ip
0.0,84.0,1.4338809587934285,0.9803393482359278,df_result_nc_wo_demo_ip
0.0,85.0,1.3947297660661468,0.9499865555256789,df_result_nc_wo_demo_ip
0.0,86.0,1.5703922622246105,1.1166039763567974,df_result_nc_wo_demo_ip
0.0,87.0,1.5174356223175967,1.093079399141631,df_result_nc_wo_demo_ip
0.0,88.0,1.4805055122344717,1.040064533476741,df_result_nc_wo_demo_ip
0.0,89.0,1.4314093959731544,0.9312751677852349,df_result_nc_wo_demo_ip
0.0,90.0,1.394524959742351,0.8998926462694579,df_result_nc_wo_demo_ip
0.0,91.0,1.4222103004291846,0.9326716738197425,df_result_nc_wo_demo_ip
0.0,92.0,1.4475524475524475,0.9943518020441098,df_result_nc_wo_demo_ip
0.0,93.0,1.4312567132116005,0.9578410311493019,df_result_nc_wo_demo_ip
0.0,94.0,1.4230459307010475,0.962395917271018,df_result_nc_wo_demo_ip
0.0,95.0,1.4382716049382716,0.9500805152979066,df_result_nc_wo_demo_ip
0.0,96.0,1.574228187919463,1.1237583892617449,df_result_nc_wo_demo_ip
0.0,97.0,1.4609605580896163,0.9876576334853769,df_result_nc_wo_demo_ip
0.0,98.0,1.4519774011299436,0.9378531073446328,df_result_nc_wo_demo_ip
0.0,99.0,1.4899220639613007,1.0626175759204515,df_result_nc_wo_demo_ip
1.0,0.0,1.3886205045625335,0.9023081052066559,df_result_nc_wo_demo_ip
1.0,1.0,1.388307857334406,0.909895414320193,df_result_nc_wo_demo_ip
1.0,2.0,1.4178542618983598,0.9491798870664157,df_result_nc_wo_demo_ip
1.0,3.0,1.4504431909750202,0.9989255976363148,df_result_nc_wo_demo_ip
1.0,4.0,1.382716049382716,0.9106280193236715,df_result_nc_wo_demo_ip
1.0,5.0,1.4587698092935804,0.9720655385441848,df_result_nc_wo_demo_ip
1.0,6.0,1.4446534121440087,0.9664159054271897,df_result_nc_wo_demo_ip
1.0,7.0,1.3483870967741935,0.9037634408602151,df_result_nc_wo_demo_ip
1.0,8.0,1.4154135338345866,0.9462943071965628,df_result_nc_wo_demo_ip
1.0,9.0,1.3616335303600215,0.9288017195056422,df_result_nc_wo_demo_ip
1.0,10.0,1.3952111918213612,0.9513048157115954,df_result_nc_wo_demo_ip
1.0,11.0,1.4599462365591398,1.0061827956989247,df_result_nc_wo_demo_ip
1.0,12.0,1.3783638320775027,0.917384284176534,df_result_nc_wo_demo_ip
1.0,13.0,1.4093347639484979,0.9267703862660944,df_result_nc_wo_demo_ip
1.0,14.0,1.4445043103448276,0.9695581896551724,df_result_nc_wo_demo_ip
1.0,15.0,1.452713594841483,1.0158516926383665,df_result_nc_wo_demo_ip
1.0,16.0,1.4027404621171413,0.939279957012359,df_result_nc_wo_demo_ip
1.0,17.0,1.4678677063726808,1.0247378327507395,df_result_nc_wo_demo_ip
1.0,18.0,1.4150080688542228,0.8929532006455083,df_result_nc_wo_demo_ip
1.0,19.0,1.4854916711445458,1.086243954862977,df_result_nc_wo_demo_ip
1.0,20.0,1.4756785810266058,1.0241870464928782,df_result_nc_wo_demo_ip
1.0,21.0,1.4756655014788922,1.0346867437483194,df_result_nc_wo_demo_ip
1.0,22.0,1.454325631380978,0.9537882858678131,df_result_nc_wo_demo_ip
1.0,23.0,1.375770570892522,0.8917180380595014,df_result_nc_wo_demo_ip
1.0,24.0,1.4660220252484555,1.016116035455278,df_result_nc_wo_demo_ip
1.0,25.0,1.3571428571428572,0.8995703544575725,df_result_nc_wo_demo_ip
1.0,26.0,1.4055361461972589,0.9607632356893309,df_result_nc_wo_demo_ip
1.0,27.0,1.4238108035474335,1.0075248589088954,df_result_nc_wo_demo_ip
1.0,28.0,1.485622144584789,1.0314431604407417,df_result_nc_wo_demo_ip
1.0,29.0,1.3954923530990073,0.941239602897773,df_result_nc_wo_demo_ip
1.0,30.0,1.3941997851772288,0.8941997851772288,df_result_nc_wo_demo_ip
1.0,31.0,1.3642703862660943,0.9192596566523605,df_result_nc_wo_demo_ip
1.0,32.0,1.3998388829215898,0.9256176154672395,df_result_nc_wo_demo_ip
1.0,33.0,1.3887694787748521,0.8992477162815691,df_result_nc_wo_demo_ip
1.0,34.0,1.4116066630843633,0.9656098871574422,df_result_nc_wo_demo_ip
1.0,35.0,1.3958165728077232,0.8911236256369,df_result_nc_wo_demo_ip
1.0,36.0,1.338436744560838,0.8984689766317486,df_result_nc_wo_demo_ip
1.0,37.0,1.3722745625841184,0.935127860026918,df_result_nc_wo_demo_ip
1.0,38.0,1.3431793770139635,0.888829215896885,df_result_nc_wo_demo_ip
1.0,39.0,1.3904532046124967,0.9149906141056584,df_result_nc_wo_demo_ip
1.0,40.0,1.4791498520312079,1.0078019908528384,df_result_nc_wo_demo_ip
1.0,41.0,1.3740581270182992,0.9480624327233584,df_result_nc_wo_demo_ip
1.0,42.0,1.4263877715205149,0.9482434969160632,df_result_nc_wo_demo_ip
1.0,43.0,1.3642224012892827,0.9258662369057212,df_result_nc_wo_demo_ip
1.0,44.0,1.3729860365198712,0.8958109559613319,df_result_nc_wo_demo_ip
1.0,45.0,1.3843674456083803,0.9051839914047811,df_result_nc_wo_demo_ip
1.0,46.0,1.357487922705314,0.9103596349973162,df_result_nc_wo_demo_ip
1.0,47.0,1.4864210809357354,0.9946222102715784,df_result_nc_wo_demo_ip
1.0,48.0,1.4228909188608274,1.0,df_result_nc_wo_demo_ip
1.0,49.0,1.3423737916219118,0.8984962406015038,df_result_nc_wo_demo_ip
1.0,50.0,1.455621301775148,1.0096826250672404,df_result_nc_wo_demo_ip
1.0,51.0,1.4223535733476624,0.9900591080064481,df_result_nc_wo_demo_ip
1.0,52.0,1.4077565311069216,0.9779154322650148,df_result_nc_wo_demo_ip
1.0,53.0,1.3876344086021506,0.8919354838709678,df_result_nc_wo_demo_ip
1.0,54.0,1.3870534515175934,0.9207628256782165,df_result_nc_wo_demo_ip
1.0,55.0,1.4146798821323332,0.9499062416287168,df_result_nc_wo_demo_ip
1.0,56.0,1.3844707146695325,0.8949489521762494,df_result_nc_wo_demo_ip
1.0,57.0,1.377652430835348,0.9379532634971797,df_result_nc_wo_demo_ip
1.0,58.0,1.4476728544525155,0.9373150390099543,df_result_nc_wo_demo_ip
1.0,59.0,1.4065433091981765,0.9321533923303835,df_result_nc_wo_demo_ip
1.0,60.0,1.3509007797795107,0.9163753697230438,df_result_nc_wo_demo_ip
1.0,61.0,1.4383561643835616,0.8982003760408273,df_result_nc_wo_demo_ip
1.0,62.0,1.4150080688542228,0.8760086067778375,df_result_nc_wo_demo_ip
1.0,63.0,1.3918301531846278,0.8951894651975275,df_result_nc_wo_demo_ip
1.0,64.0,1.4883221476510067,1.021744966442953,df_result_nc_wo_demo_ip
1.0,65.0,1.3163128191346412,0.9201827465735017,df_result_nc_wo_demo_ip
1.0,66.0,1.4691026329930146,1.008328855454057,df_result_nc_wo_demo_ip
1.0,67.0,1.360752688172043,0.9338709677419355,df_result_nc_wo_demo_ip
1.0,68.0,1.5137096774193548,1.0806451612903225,df_result_nc_wo_demo_ip
1.0,69.0,1.3406711409395973,0.9001342281879194,df_result_nc_wo_demo_ip
1.0,70.0,1.4523168103448276,1.0390625,df_result_nc_wo_demo_ip
1.0,71.0,1.3873220521085146,0.9790491539081386,df_result_nc_wo_demo_ip
1.0,72.0,1.354110693175712,0.900322407307899,df_result_nc_wo_demo_ip
1.0,73.0,1.5036261079774376,1.043781896320172,df_result_nc_wo_demo_ip
1.0,74.0,1.3662993818865896,0.8943832303144316,df_result_nc_wo_demo_ip
1.0,75.0,1.4147849462365591,0.9158602150537635,df_result_nc_wo_demo_ip
1.0,76.0,1.3696236559139785,0.9056451612903226,df_result_nc_wo_demo_ip
1.0,77.0,1.4116066630843633,0.9320257925846319,df_result_nc_wo_demo_ip
1.0,78.0,1.4371643394199785,0.984156820622986,df_result_nc_wo_demo_ip
1.0,79.0,1.4211233539371138,0.9414135984950283,df_result_nc_wo_demo_ip
1.0,80.0,1.5356087073367375,1.0470303681805966,df_result_nc_wo_demo_ip
1.0,81.0,1.3761418592154755,0.9312197743148845,df_result_nc_wo_demo_ip
1.0,82.0,1.3247242399784773,0.9023405972558515,df_result_nc_wo_demo_ip
1.0,83.0,1.3778554152109648,0.8954582101585595,df_result_nc_wo_demo_ip
1.0,84.0,1.3832480474010234,0.8946943172636682,df_result_nc_wo_demo_ip
1.0,85.0,1.3646141435869859,0.9026620059155687,df_result_nc_wo_demo_ip
1.0,86.0,1.4809242342826436,1.045674368619022,df_result_nc_wo_demo_ip
1.0,87.0,1.4804184549356223,1.0633047210300428,df_result_nc_wo_demo_ip
1.0,88.0,1.4272653939230977,0.94030653401452,df_result_nc_wo_demo_ip
1.0,89.0,1.3986577181208053,0.9229530201342282,df_result_nc_wo_demo_ip
1.0,90.0,1.3719806763285025,0.8867418142780462,df_result_nc_wo_demo_ip
1.0,91.0,1.368293991416309,0.8927038626609443,df_result_nc_wo_demo_ip
1.0,92.0,1.3891877353415816,0.9123184507799892,df_result_nc_wo_demo_ip
1.0,93.0,1.3649301825993556,0.9014500537056928,df_result_nc_wo_demo_ip
1.0,94.0,1.3873220521085146,0.9664249261348375,df_result_nc_wo_demo_ip
1.0,95.0,1.380300590445518,0.9320987654320988,df_result_nc_wo_demo_ip
1.0,96.0,1.4963758389261745,1.0539597315436242,df_result_nc_wo_demo_ip
1.0,97.0,1.4408371344244701,0.9675342098202308,df_result_nc_wo_demo_ip
1.0,98.0,1.3812214151197202,0.9066451439332796,df_result_nc_wo_demo_ip
1.0,99.0,1.3372749260951358,0.9045955388336469,df_result_nc_wo_demo_ip
2.0,0.0,1.8749329039184113,1.6733762748255503,df_result_nc_wo_demo_ip
2.0,1.0,1.8653794582998122,1.6532582461786,df_result_nc_wo_demo_ip
2.0,2.0,1.854261898359774,1.6571659048131218,df_result_nc_wo_demo_ip
2.0,3.0,1.8017727639000807,1.534515175933387,df_result_nc_wo_demo_ip
2.0,4.0,1.8666129898013957,1.6720343531937736,df_result_nc_wo_demo_ip
2.0,5.0,1.869191512221327,1.6065001343002954,df_result_nc_wo_demo_ip
2.0,6.0,1.8455131649650725,1.5870499731327243,df_result_nc_wo_demo_ip
2.0,7.0,1.8709677419354838,1.6830645161290323,df_result_nc_wo_demo_ip
2.0,8.0,1.8716433941997852,1.679108485499463,df_result_nc_wo_demo_ip
2.0,9.0,1.8745298226759806,1.6528747984954326,df_result_nc_wo_demo_ip
2.0,10.0,1.8587570621468927,1.6279257465698143,df_result_nc_wo_demo_ip
2.0,11.0,1.8623655913978494,1.6448924731182795,df_result_nc_wo_demo_ip
2.0,12.0,1.8729817007534983,1.6576964477933263,df_result_nc_wo_demo_ip
2.0,13.0,1.8570278969957081,1.657725321888412,df_result_nc_wo_demo_ip
2.0,14.0,1.8375538793103448,1.626885775862069,df_result_nc_wo_demo_ip
2.0,15.0,1.8422890918860828,1.5905427189682966,df_result_nc_wo_demo_ip
2.0,16.0,1.8616335303600215,1.6512627619559377,df_result_nc_wo_demo_ip
2.0,17.0,1.8088195751546114,1.534283409518688,df_result_nc_wo_demo_ip
2.0,18.0,1.8571812802582033,1.6350188273265196,df_result_nc_wo_demo_ip
2.0,19.0,1.8721117678667383,1.6738312735088663,df_result_nc_wo_demo_ip
2.0,20.0,1.8234345606019886,1.557108304219296,df_result_nc_wo_demo_ip
2.0,21.0,1.8389351976337724,1.611454692121538,df_result_nc_wo_demo_ip
2.0,22.0,1.7692101020956474,1.4484148307361633,df_result_nc_wo_demo_ip
2.0,23.0,1.872420262664165,1.677298311444653,df_result_nc_wo_demo_ip
2.0,24.0,1.8643567015847435,1.6199301638463606,df_result_nc_wo_demo_ip
2.0,25.0,1.8265306122448979,1.5759935553168636,df_result_nc_wo_demo_ip
2.0,26.0,1.8761085729642568,1.6914807847352862,df_result_nc_wo_demo_ip
2.0,27.0,1.8605213652244021,1.638000537489922,df_result_nc_wo_demo_ip
2.0,28.0,1.807847352862134,1.526202633700618,df_result_nc_wo_demo_ip
2.0,29.0,1.8800643949557285,1.6592433592701905,df_result_nc_wo_demo_ip
2.0,30.0,1.8638560687432868,1.6732008592910848,df_result_nc_wo_demo_ip
2.0,31.0,1.787285407725322,1.4611051502145922,df_result_nc_wo_demo_ip
2.0,32.0,1.829484425349087,1.5990870032223417,df_result_nc_wo_demo_ip
2.0,33.0,1.8589468027941967,1.6628156904889844,df_result_nc_wo_demo_ip
2.0,34.0,1.8567974207415368,1.6493820526598604,df_result_nc_wo_demo_ip
2.0,35.0,1.8404397961920085,1.6486993832126575,df_result_nc_wo_demo_ip
2.0,36.0,1.878323932312651,1.685737308622079,df_result_nc_wo_demo_ip
2.0,37.0,1.8885598923283984,1.6796769851951547,df_result_nc_wo_demo_ip
2.0,38.0,1.8681525241675618,1.680719656283566,df_result_nc_wo_demo_ip
2.0,39.0,1.8680611423974256,1.6532582461786,df_result_nc_wo_demo_ip
2.0,40.0,1.8412698412698412,1.587032553134248,df_result_nc_wo_demo_ip
2.0,41.0,1.8560279870828849,1.6396663078579117,df_result_nc_wo_demo_ip
2.0,42.0,1.8409761330115313,1.599624564226334,df_result_nc_wo_demo_ip
2.0,43.0,1.8689229116304056,1.6537738383024443,df_result_nc_wo_demo_ip
2.0,44.0,1.8743286788399571,1.6868958109559613,df_result_nc_wo_demo_ip
2.0,45.0,1.8673113080848778,1.6913779210314264,df_result_nc_wo_demo_ip
2.0,46.0,1.859098228663446,1.664519592055824,df_result_nc_wo_demo_ip
2.0,47.0,1.8300618445818768,1.5668190373756385,df_result_nc_wo_demo_ip
2.0,48.0,1.8511552928533046,1.5926921010209565,df_result_nc_wo_demo_ip
2.0,49.0,1.8402255639097744,1.6323845327604727,df_result_nc_wo_demo_ip
2.0,50.0,1.8706293706293706,1.6799354491662184,df_result_nc_wo_demo_ip
2.0,51.0,1.8632455668995165,1.669263836646964,df_result_nc_wo_demo_ip
2.0,52.0,1.7961217344465392,1.5246431457042822,df_result_nc_wo_demo_ip
2.0,53.0,1.8739247311827958,1.668548387096774,df_result_nc_wo_demo_ip
2.0,54.0,1.8640881009938222,1.6685468708031157,df_result_nc_wo_demo_ip
2.0,55.0,1.8722207339941066,1.676399678542727,df_result_nc_wo_demo_ip
2.0,56.0,1.8592154755507793,1.6593229446534121,df_result_nc_wo_demo_ip
2.0,57.0,1.8651625033575074,1.6572656459844213,df_result_nc_wo_demo_ip
2.0,58.0,1.8703255313424805,1.6620930858218994,df_result_nc_wo_demo_ip
2.0,59.0,1.8795923840171629,1.6709573612228479,df_result_nc_wo_demo_ip
2.0,60.0,1.883839741866093,1.678139284753966,df_result_nc_wo_demo_ip
2.0,61.0,1.8651625033575074,1.6631748589846898,df_result_nc_wo_demo_ip
2.0,62.0,1.863905325443787,1.6888111888111887,df_result_nc_wo_demo_ip
2.0,63.0,1.8777210427304487,1.7014243482934694,df_result_nc_wo_demo_ip
2.0,64.0,1.8026845637583893,1.5436241610738255,df_result_nc_wo_demo_ip
2.0,65.0,1.8578339156140822,1.6363880677237301,df_result_nc_wo_demo_ip
2.0,66.0,1.8573347662547017,1.622514777001612,df_result_nc_wo_demo_ip
2.0,67.0,1.8403225806451613,1.6276881720430108,df_result_nc_wo_demo_ip
2.0,68.0,1.8158602150537635,1.5462365591397849,df_result_nc_wo_demo_ip
2.0,69.0,1.8719463087248323,1.676241610738255,df_result_nc_wo_demo_ip
2.0,70.0,1.8197737068965518,1.5872844827586208,df_result_nc_wo_demo_ip
2.0,71.0,1.8525382755842064,1.6371206016653237,df_result_nc_wo_demo_ip
2.0,72.0,1.8592154755507793,1.6577109081139172,df_result_nc_wo_demo_ip
2.0,73.0,1.836153639538007,1.5847434864356702,df_result_nc_wo_demo_ip
2.0,74.0,1.8710024187046492,1.6632625638269283,df_result_nc_wo_demo_ip
2.0,75.0,1.8567204301075269,1.6698924731182796,df_result_nc_wo_demo_ip
2.0,76.0,1.8411290322580645,1.6196236559139785,df_result_nc_wo_demo_ip
2.0,77.0,1.860827512090274,1.6550241805480925,df_result_nc_wo_demo_ip
2.0,78.0,1.8190118152524168,1.5593447905477982,df_result_nc_wo_demo_ip
2.0,79.0,1.8715399086267133,1.6613813490997045,df_result_nc_wo_demo_ip
2.0,80.0,1.832034399355012,1.6288632088148347,df_result_nc_wo_demo_ip
2.0,81.0,1.876410531972058,1.686996238581408,df_result_nc_wo_demo_ip
2.0,82.0,1.876244283023944,1.6623621199892387,df_result_nc_wo_demo_ip
2.0,83.0,1.8833646869121203,1.6732061273851115,df_result_nc_wo_demo_ip
2.0,84.0,1.877457581470509,1.6646916240237004,df_result_nc_wo_demo_ip
2.0,85.0,1.8714708254907233,1.6525947835439634,df_result_nc_wo_demo_ip
2.0,86.0,1.8199892530897368,1.523911875335841,df_result_nc_wo_demo_ip
2.0,87.0,1.764216738197425,1.470225321888412,df_result_nc_wo_demo_ip
2.0,88.0,1.850228556063458,1.598010217800484,df_result_nc_wo_demo_ip
2.0,89.0,1.8711409395973155,1.6673825503355704,df_result_nc_wo_demo_ip
2.0,90.0,1.8655394524959743,1.6886741814278046,df_result_nc_wo_demo_ip
2.0,91.0,1.8688304721030042,1.6802575107296138,df_result_nc_wo_demo_ip
2.0,92.0,1.848305540613233,1.627487896718666,df_result_nc_wo_demo_ip
2.0,93.0,1.8775510204081634,1.680719656283566,df_result_nc_wo_demo_ip
2.0,94.0,1.8501208702659147,1.6328229922105828,df_result_nc_wo_demo_ip
2.0,95.0,1.8698336017176598,1.6706924315619969,df_result_nc_wo_demo_ip
2.0,96.0,1.7954362416107383,1.523489932885906,df_result_nc_wo_demo_ip
2.0,97.0,1.8677220284411054,1.6544137375905554,df_result_nc_wo_demo_ip
2.0,98.0,1.8670971213344094,1.6854990583804144,df_result_nc_wo_demo_ip
2.0,99.0,1.8417092179521635,1.639344262295082,df_result_nc_wo_demo_ip