run,label_idx,crc_TP,crc_FP,crc_TN,crc_FN,rcps_TP,rcps_FP,rcps_TN,rcps_FN,ltt_TP,ltt_FP,ltt_TN,ltt_FN,name
0,0,219,1057,2020,430,219,1057,2020,430,219,1057,2020,430,df_wo_demo_025
0,1,234,1287,1875,330,234,1287,1875,330,234,1287,1875,330,df_wo_demo_025
0,2,2460,685,110,471,2460,685,110,471,2460,685,110,471,df_wo_demo_025
1,0,381,1925,1192,231,414,2101,1016,198,0,0,3117,612,df_wo_demo_025
1,1,379,2251,929,170,416,2423,757,133,0,0,3180,549,df_wo_demo_025
1,2,2102,559,226,842,2262,601,184,682,0,0,785,2944,df_wo_demo_025
2,0,302,1732,1393,292,330,1860,1265,264,0,0,3125,594,df_wo_demo_025
2,1,265,1447,1727,280,300,1608,1566,245,0,0,3174,545,df_wo_demo_025
2,2,2252,598,175,694,2378,624,149,568,0,0,773,2946,df_wo_demo_025
3,0,298,1523,1574,328,325,1633,1464,301,0,0,3097,626,df_wo_demo_025
3,1,287,1446,1683,307,306,1546,1583,288,0,0,3129,594,df_wo_demo_025
3,2,2329,663,156,575,2400,681,138,504,0,0,819,2904,df_wo_demo_025
4,0,306,1443,1676,301,353,1642,1477,254,0,0,3119,607,df_wo_demo_025
4,1,219,1205,1944,358,255,1432,1717,322,0,0,3149,577,df_wo_demo_025
4,2,2367,625,161,573,2522,659,127,418,0,0,786,2940,df_wo_demo_025
5,0,309,1647,1472,295,309,1647,1472,295,0,0,3119,604,df_wo_demo_025
5,1,363,1679,1439,242,363,1679,1439,242,0,0,3118,605,df_wo_demo_025
5,2,2344,657,163,559,2344,657,163,559,0,0,820,2903,df_wo_demo_025
6,0,268,1469,1660,325,279,1566,1563,314,0,0,3129,593,df_wo_demo_025
6,1,226,1186,1948,362,246,1285,1849,342,0,0,3134,588,df_wo_demo_025
6,2,2397,645,130,550,2482,666,109,465,0,0,775,2947,df_wo_demo_025
7,0,377,2054,1082,207,377,2054,1082,207,0,0,3136,584,df_wo_demo_025
7,1,339,1827,1306,248,339,1827,1306,248,0,0,3133,587,df_wo_demo_025
7,2,2291,602,175,652,2291,602,175,652,0,0,777,2943,df_wo_demo_025
8,0,330,1678,1452,264,360,1844,1286,234,0,0,3130,594,df_wo_demo_025
8,1,328,1878,1307,211,369,2109,1076,170,0,0,3185,539,df_wo_demo_025
8,2,2216,589,181,738,2377,639,131,577,0,0,770,2954,df_wo_demo_025
9,0,381,1945,1176,220,409,2089,1032,192,0,0,3121,601,df_wo_demo_025
9,1,284,1453,1697,288,313,1630,1520,259,0,0,3150,572,df_wo_demo_025
9,2,2260,624,175,663,2398,661,138,525,0,0,799,2923,df_wo_demo_025
10,0,368,1692,1415,242,368,1692,1415,242,0,0,3107,610,df_wo_demo_025
10,1,306,1652,1486,273,306,1652,1486,273,0,0,3138,579,df_wo_demo_025
10,2,2386,641,165,525,2386,641,165,525,0,0,806,2911,df_wo_demo_025
11,0,309,1717,1411,283,309,1717,1411,283,0,0,3128,592,df_wo_demo_025
11,1,315,1778,1391,236,315,1778,1391,236,0,0,3169,551,df_wo_demo_025
11,2,2389,641,134,556,2389,641,134,556,0,0,775,2945,df_wo_demo_025
12,0,375,1905,1184,252,403,2083,1006,224,0,0,3089,627,df_wo_demo_025
12,1,289,1378,1725,324,311,1557,1546,302,0,0,3103,613,df_wo_demo_025
12,2,2139,634,202,741,2308,688,148,572,0,0,836,2880,df_wo_demo_025
13,0,281,1387,1711,349,307,1544,1554,323,0,0,3098,630,df_wo_demo_025
13,1,218,952,2164,394,246,1091,2025,366,0,0,3116,612,df_wo_demo_025
13,2,2286,654,173,615,2426,698,129,475,0,0,827,2901,df_wo_demo_025
14,0,377,2020,1111,204,377,2020,1111,204,0,0,3131,581,df_wo_demo_025
14,1,314,1779,1379,240,314,1779,1379,240,0,0,3158,554,df_wo_demo_025
14,2,2272,593,175,672,2272,593,175,672,0,0,768,2944,df_wo_demo_025
15,0,338,1734,1356,294,357,1865,1225,275,0,0,3090,632,df_wo_demo_025
15,1,266,1434,1706,316,290,1542,1598,292,0,0,3140,582,df_wo_demo_025
15,2,2267,640,177,638,2352,656,161,553,0,0,817,2905,df_wo_demo_025
16,0,384,1920,1214,204,384,1920,1214,204,0,0,3134,588,df_wo_demo_025
16,1,332,1807,1345,238,332,1807,1345,238,0,0,3152,570,df_wo_demo_025
16,2,2325,600,185,612,2325,600,185,612,0,0,785,2937,df_wo_demo_025
17,0,319,1564,1525,311,331,1648,1441,299,0,0,3089,630,df_wo_demo_025
17,1,306,1598,1545,270,322,1688,1455,254,0,0,3143,576,df_wo_demo_025
17,2,2311,628,185,595,2388,643,170,518,0,0,813,2906,df_wo_demo_025
18,0,279,1558,1576,305,279,1558,1576,305,0,0,3134,584,df_wo_demo_025
18,1,237,1494,1675,312,237,1494,1675,312,0,0,3169,549,df_wo_demo_025
18,2,2377,625,138,578,2377,625,138,578,0,0,763,2955,df_wo_demo_025
19,0,247,1237,1870,368,287,1464,1643,328,0,0,3107,615,df_wo_demo_025
19,1,284,1675,1479,284,303,1818,1336,265,0,0,3154,568,df_wo_demo_025
19,2,2196,579,214,733,2378,635,158,551,0,0,793,2929,df_wo_demo_025
20,0,309,1558,1548,306,326,1675,1431,289,0,0,3106,615,df_wo_demo_025
20,1,274,1597,1541,309,291,1689,1449,292,0,0,3138,583,df_wo_demo_025
20,2,2273,647,164,637,2344,661,150,566,0,0,811,2910,df_wo_demo_025
21,0,362,1818,1275,264,388,1956,1137,238,0,0,3093,626,df_wo_demo_025
21,1,244,1373,1761,341,268,1485,1649,317,0,0,3134,585,df_wo_demo_025
21,2,2277,636,171,635,2365,671,136,547,0,0,807,2912,df_wo_demo_025
22,0,310,1593,1511,308,339,1739,1365,279,240,1277,1827,378,df_wo_demo_025
22,1,209,1009,2096,408,241,1177,1928,376,128,741,2364,489,df_wo_demo_025
22,2,2380,703,128,511,2493,725,106,398,2164,635,196,727,df_wo_demo_025
23,0,296,1566,1551,318,338,1753,1364,276,0,0,3117,614,df_wo_demo_025
23,1,195,1029,2116,391,232,1269,1876,354,0,0,3145,586,df_wo_demo_025
23,2,2306,614,180,631,2466,652,142,471,0,0,794,2937,df_wo_demo_025
24,0,346,1751,1345,281,346,1751,1345,281,0,0,3096,627,df_wo_demo_025
24,1,304,1559,1567,293,304,1559,1567,293,0,0,3126,597,df_wo_demo_025
24,2,2390,659,169,505,2390,659,169,505,0,0,828,2895,df_wo_demo_025
25,0,168,964,2142,450,205,1154,1952,413,275,1527,1579,343,df_wo_demo_025
25,1,93,577,2553,501,113,714,2416,481,176,1009,2121,418,df_wo_demo_025
25,2,2457,663,150,454,2544,699,114,367,2687,743,70,224,df_wo_demo_025
26,0,319,1530,1542,330,352,1697,1375,297,0,0,3072,649,df_wo_demo_025
26,1,348,1695,1400,278,377,1873,1222,249,0,0,3095,626,df_wo_demo_025
26,2,2283,663,168,607,2388,693,138,502,0,0,831,2890,df_wo_demo_025
27,0,336,1851,1274,260,359,1948,1177,237,0,0,3125,596,df_wo_demo_025
27,1,299,1878,1285,259,325,2003,1160,233,0,0,3163,558,df_wo_demo_025
27,2,2341,619,142,619,2417,640,121,543,0,0,761,2960,df_wo_demo_025
28,0,200,977,2108,436,241,1156,1929,395,186,884,2201,450,df_wo_demo_025
28,1,274,1438,1704,305,321,1647,1495,258,252,1340,1802,327,df_wo_demo_025
28,2,2452,659,146,464,2545,696,109,371,2376,640,165,540,df_wo_demo_025
29,0,300,1567,1571,289,324,1733,1405,265,0,0,3138,589,df_wo_demo_025
29,1,259,1348,1781,339,298,1534,1595,300,0,0,3129,598,df_wo_demo_025
29,2,2306,621,175,625,2414,655,141,517,0,0,796,2931,df_wo_demo_025
30,0,286,1574,1566,298,286,1574,1566,298,0,0,3140,584,df_wo_demo_025
30,1,222,1448,1733,321,222,1448,1733,321,0,0,3181,543,df_wo_demo_025
30,2,2391,611,145,577,2391,611,145,577,0,0,756,2968,df_wo_demo_025
31,0,202,1012,2106,408,222,1107,2011,388,263,1351,1767,347,df_wo_demo_025
31,1,167,844,2310,407,194,967,2187,380,257,1235,1919,317,df_wo_demo_025
31,2,2497,666,135,430,2560,689,112,367,2656,728,73,271,df_wo_demo_025
32,0,324,1712,1389,299,343,1830,1271,280,0,0,3101,623,df_wo_demo_025
32,1,284,1436,1688,316,318,1574,1550,282,0,0,3124,600,df_wo_demo_025
32,2,2306,653,170,595,2400,681,142,501,0,0,823,2901,df_wo_demo_025
33,0,301,1716,1408,297,356,1963,1161,242,0,0,3124,598,df_wo_demo_025
33,1,166,971,2178,407,213,1226,1923,360,0,0,3149,573,df_wo_demo_025
33,2,2091,585,197,849,2367,636,146,573,0,0,782,2940,df_wo_demo_025
34,0,411,2140,973,198,411,2140,973,198,0,0,3113,609,df_wo_demo_025
34,1,282,1434,1714,292,282,1434,1714,292,0,0,3148,574,df_wo_demo_025
34,2,2365,661,148,548,2365,661,148,548,0,0,809,2913,df_wo_demo_025
35,0,302,1577,1552,298,302,1577,1552,298,0,0,3129,600,df_wo_demo_025
35,1,258,1333,1807,331,258,1333,1807,331,0,0,3140,589,df_wo_demo_025
35,2,2368,650,161,550,2368,650,161,550,0,0,811,2918,df_wo_demo_025
36,0,354,1863,1227,279,354,1863,1227,279,0,0,3090,633,df_wo_demo_025
36,1,262,1464,1651,346,262,1464,1651,346,0,0,3115,608,df_wo_demo_025
36,2,2315,687,150,571,2315,687,150,571,0,0,837,2886,df_wo_demo_025
37,0,376,2021,1083,235,411,2201,903,200,0,0,3104,611,df_wo_demo_025
37,1,230,1362,1773,350,263,1529,1606,317,0,0,3135,580,df_wo_demo_025
37,2,2134,613,198,770,2363,666,145,541,0,0,811,2904,df_wo_demo_025
38,0,323,1580,1540,281,323,1580,1540,281,0,0,3120,604,df_wo_demo_025
38,1,211,1056,2090,367,211,1056,2090,367,0,0,3146,578,df_wo_demo_025
38,2,2459,662,120,483,2459,662,120,483,0,0,782,2942,df_wo_demo_025
39,0,318,1525,1563,323,318,1525,1563,323,0,0,3088,641,df_wo_demo_025
39,1,284,1416,1709,320,284,1416,1709,320,0,0,3125,604,df_wo_demo_025
39,2,2406,683,147,493,2406,683,147,493,0,0,830,2899,df_wo_demo_025
40,0,306,1407,1684,320,331,1613,1478,295,0,0,3091,626,df_wo_demo_025
40,1,265,1343,1771,338,312,1541,1573,291,0,0,3114,603,df_wo_demo_025
40,2,2366,668,148,535,2498,708,108,403,0,0,816,2901,df_wo_demo_025
41,0,352,1830,1309,225,382,1951,1188,195,0,0,3139,577,df_wo_demo_025
41,1,246,1351,1817,302,268,1521,1647,280,0,0,3168,548,df_wo_demo_025
41,2,2271,592,165,688,2412,625,132,547,0,0,757,2959,df_wo_demo_025
42,0,314,1472,1617,326,333,1585,1504,307,0,0,3089,640,df_wo_demo_025
42,1,261,1307,1818,343,285,1454,1671,319,0,0,3125,604,df_wo_demo_025
42,2,2357,673,150,549,2435,690,133,471,0,0,823,2906,df_wo_demo_025
43,0,338,1687,1432,266,338,1687,1432,266,0,0,3119,604,df_wo_demo_025
43,1,318,1670,1481,254,318,1670,1481,254,0,0,3151,572,df_wo_demo_025
43,2,2241,586,187,709,2241,586,187,709,0,0,773,2950,df_wo_demo_025
44,0,397,2040,1074,213,397,2040,1074,213,0,0,3114,610,df_wo_demo_025
44,1,250,1272,1858,344,250,1272,1858,344,0,0,3130,594,df_wo_demo_025
44,2,2259,634,183,648,2259,634,183,648,0,0,817,2907,df_wo_demo_025
45,0,272,1389,1742,320,272,1389,1742,320,0,0,3131,592,df_wo_demo_025
45,1,320,1618,1523,262,320,1618,1523,262,0,0,3141,582,df_wo_demo_025
45,2,2314,596,193,620,2314,596,193,620,0,0,789,2934,df_wo_demo_025
46,0,424,2143,978,181,424,2143,978,181,0,0,3121,605,df_wo_demo_025
46,1,276,1602,1542,306,276,1602,1542,306,0,0,3144,582,df_wo_demo_025
46,2,2225,626,180,695,2225,626,180,695,0,0,806,2920,df_wo_demo_025
47,0,294,1458,1680,287,314,1573,1565,267,0,0,3138,581,df_wo_demo_025
47,1,228,1359,1816,316,241,1495,1680,303,0,0,3175,544,df_wo_demo_025
47,2,2385,617,139,578,2472,626,130,491,0,0,756,2963,df_wo_demo_025
48,0,363,1645,1419,295,391,1753,1311,267,0,0,3064,658,df_wo_demo_025
48,1,264,1409,1724,325,293,1524,1609,296,0,0,3133,589,df_wo_demo_025
48,2,2241,640,190,651,2332,669,161,560,0,0,830,2892,df_wo_demo_025
49,0,312,1544,1583,285,312,1544,1583,285,0,0,3127,597,df_wo_demo_025
49,1,288,1578,1568,290,288,1578,1568,290,0,0,3146,578,df_wo_demo_025
49,2,2285,616,174,649,2285,616,174,649,0,0,790,2934,df_wo_demo_025
50,0,334,1746,1371,267,375,1941,1176,226,0,0,3117,601,df_wo_demo_025
50,1,327,1738,1414,239,361,1890,1262,205,0,0,3152,566,df_wo_demo_025
50,2,2293,608,184,633,2410,636,156,516,0,0,792,2926,df_wo_demo_025
51,0,288,1430,1678,326,288,1430,1678,326,0,0,3108,614,df_wo_demo_025
51,1,317,1677,1462,266,317,1677,1462,266,0,0,3139,583,df_wo_demo_025
51,2,2370,646,162,544,2370,646,162,544,0,0,808,2914,df_wo_demo_025
52,0,285,1475,1608,345,296,1563,1520,334,0,0,3083,630,df_wo_demo_025
52,1,234,1300,1842,337,256,1404,1738,315,0,0,3142,571,df_wo_demo_025
52,2,2306,630,182,595,2372,653,159,529,0,0,812,2901,df_wo_demo_025
53,0,404,1890,1212,214,404,1890,1212,214,0,0,3102,618,df_wo_demo_025
53,1,206,1111,2017,386,206,1111,2017,386,0,0,3128,592,df_wo_demo_025
53,2,2246,619,194,661,2246,619,194,661,0,0,813,2907,df_wo_demo_025
54,0,421,2115,991,196,421,2115,991,196,0,0,3106,617,df_wo_demo_025
54,1,318,1709,1434,262,318,1709,1434,262,0,0,3143,580,df_wo_demo_025
54,2,2239,621,182,681,2239,621,182,681,0,0,803,2920,df_wo_demo_025
55,0,417,1927,1181,208,417,1927,1181,208,0,0,3108,625,df_wo_demo_025
55,1,279,1530,1599,325,279,1530,1599,325,0,0,3129,604,df_wo_demo_025
55,2,2336,629,184,584,2336,629,184,584,0,0,813,2920,df_wo_demo_025
56,0,316,1570,1512,324,316,1570,1512,324,0,0,3082,640,df_wo_demo_025
56,1,297,1574,1554,297,297,1574,1554,297,0,0,3128,594,df_wo_demo_025
56,2,2338,685,144,555,2338,685,144,555,0,0,829,2893,df_wo_demo_025
57,0,344,1726,1395,258,381,1907,1214,221,0,0,3121,602,df_wo_demo_025
57,1,312,1753,1379,279,349,1899,1233,242,0,0,3132,591,df_wo_demo_025
57,2,2107,586,215,815,2264,625,176,658,0,0,801,2922,df_wo_demo_025
58,0,384,1993,1109,231,384,1993,1109,231,0,0,3102,615,df_wo_demo_025
58,1,361,1986,1150,220,361,1986,1150,220,0,0,3136,581,df_wo_demo_025
58,2,2250,601,190,676,2250,601,190,676,0,0,791,2926,df_wo_demo_025
59,0,364,1842,1277,246,364,1842,1277,246,0,0,3119,610,df_wo_demo_025
59,1,292,1643,1518,276,292,1643,1518,276,0,0,3161,568,df_wo_demo_025
59,2,2412,622,171,524,2412,622,171,524,0,0,793,2936,df_wo_demo_025
60,0,349,1768,1341,261,387,1910,1199,223,0,0,3109,610,df_wo_demo_025
60,1,261,1277,1831,350,291,1448,1660,320,0,0,3108,611,df_wo_demo_025
60,2,2365,644,163,547,2475,674,133,437,0,0,807,2912,df_wo_demo_025
61,0,213,1134,1953,423,258,1369,1718,378,0,0,3087,636,df_wo_demo_025
61,1,230,1254,1891,348,281,1556,1589,297,0,0,3145,578,df_wo_demo_025
61,2,2257,633,185,648,2475,694,124,430,0,0,818,2905,df_wo_demo_025
62,0,385,1837,1244,252,425,2083,998,212,0,0,3081,637,df_wo_demo_025
62,1,257,1323,1813,325,303,1559,1577,279,0,0,3136,582,df_wo_demo_025
62,2,2230,615,200,673,2393,666,149,510,0,0,815,2903,df_wo_demo_025
63,0,363,1941,1180,237,363,1941,1180,237,0,0,3121,600,df_wo_demo_025
63,1,324,1707,1456,234,324,1707,1456,234,0,0,3163,558,df_wo_demo_025
63,2,2258,615,169,679,2258,615,169,679,0,0,784,2937,df_wo_demo_025
64,0,360,1673,1413,279,383,1781,1305,256,0,0,3086,639,df_wo_demo_025
64,1,279,1325,1788,333,293,1419,1694,319,0,0,3113,612,df_wo_demo_025
64,2,2335,642,181,567,2399,669,154,503,0,0,823,2902,df_wo_demo_025
65,0,340,1859,1244,278,374,2032,1071,244,0,0,3103,618,df_wo_demo_025
65,1,171,898,2201,451,201,1009,2090,421,0,0,3099,622,df_wo_demo_025
65,2,2267,664,170,620,2387,693,141,500,0,0,834,2887,df_wo_demo_025
66,0,293,1562,1574,293,319,1720,1416,267,0,0,3136,586,df_wo_demo_025
66,1,194,1128,2006,394,217,1220,1914,371,0,0,3134,588,df_wo_demo_025
66,2,2393,654,153,522,2477,671,136,438,0,0,807,2915,df_wo_demo_025
67,0,406,2044,1056,214,406,2044,1056,214,0,0,3100,620,df_wo_demo_025
67,1,310,1652,1458,300,310,1652,1458,300,0,0,3110,610,df_wo_demo_025
67,2,2223,641,176,680,2223,641,176,680,0,0,817,2903,df_wo_demo_025
68,0,374,1724,1365,257,400,1925,1164,231,0,0,3089,631,df_wo_demo_025
68,1,316,1692,1427,285,344,1839,1280,257,0,0,3119,601,df_wo_demo_025
68,2,2283,646,187,604,2398,689,144,489,0,0,833,2887,df_wo_demo_025
69,0,282,1267,1815,361,323,1463,1619,320,0,0,3082,643,df_wo_demo_025
69,1,205,1045,2097,378,249,1250,1892,334,0,0,3142,583,df_wo_demo_025
69,2,2195,622,201,707,2386,675,148,516,0,0,823,2902,df_wo_demo_025
70,0,257,1337,1764,354,284,1471,1630,327,0,0,3101,611,df_wo_demo_025
70,1,229,1322,1812,349,246,1409,1725,332,0,0,3134,578,df_wo_demo_025
70,2,2337,649,159,567,2451,681,127,453,0,0,808,2904,df_wo_demo_025
71,0,369,1860,1244,250,397,1979,1125,222,0,0,3104,619,df_wo_demo_025
71,1,264,1439,1715,305,287,1574,1580,282,0,0,3154,569,df_wo_demo_025
71,2,2295,640,167,621,2402,668,139,514,0,0,807,2916,df_wo_demo_025
72,0,445,2037,1029,211,488,2266,800,168,0,0,3066,656,df_wo_demo_025
72,1,235,1247,1871,369,275,1448,1670,329,0,0,3118,604,df_wo_demo_025
72,2,2107,642,199,774,2285,686,155,596,0,0,841,2881,df_wo_demo_025
73,0,378,1837,1266,242,398,1949,1154,222,0,0,3103,620,df_wo_demo_025
73,1,293,1730,1425,275,319,1846,1309,249,0,0,3155,568,df_wo_demo_025
73,2,2264,616,184,659,2341,642,158,582,0,0,800,2923,df_wo_demo_025
74,0,398,1944,1139,240,448,2144,939,190,0,0,3083,638,df_wo_demo_025
74,1,398,2164,970,189,443,2405,729,144,0,0,3134,587,df_wo_demo_025
74,2,2052,563,257,849,2226,619,201,675,0,0,820,2901,df_wo_demo_025
75,0,448,2148,953,171,448,2148,953,171,0,0,3101,619,df_wo_demo_025
75,1,303,1774,1380,263,303,1774,1380,263,0,0,3154,566,df_wo_demo_025
75,2,2142,580,216,782,2142,580,216,782,0,0,796,2924,df_wo_demo_025
76,0,347,1730,1377,266,395,1964,1143,218,0,0,3107,613,df_wo_demo_025
76,1,248,1420,1730,322,289,1630,1520,281,0,0,3150,570,df_wo_demo_025
76,2,2147,589,205,779,2317,636,158,609,0,0,794,2926,df_wo_demo_025
77,0,315,1770,1346,291,339,1900,1216,267,0,0,3116,606,df_wo_demo_025
77,1,221,1298,1847,356,252,1444,1701,325,0,0,3145,577,df_wo_demo_025
77,2,2370,658,137,557,2475,681,114,452,0,0,795,2927,df_wo_demo_025
78,0,318,1660,1449,297,334,1758,1351,281,0,0,3109,615,df_wo_demo_025
78,1,278,1447,1689,310,294,1538,1598,294,0,0,3136,588,df_wo_demo_025
78,2,2368,666,156,534,2443,694,128,459,0,0,822,2902,df_wo_demo_025
79,0,349,1679,1416,277,391,1905,1190,235,0,0,3095,626,df_wo_demo_025
79,1,277,1553,1563,328,311,1715,1401,294,0,0,3116,605,df_wo_demo_025
79,2,2222,675,156,668,2374,711,120,516,0,0,831,2890,df_wo_demo_025
80,0,350,1892,1225,254,379,1996,1121,225,0,0,3117,604,df_wo_demo_025
80,1,303,1639,1484,295,331,1769,1354,267,0,0,3123,598,df_wo_demo_025
80,2,2278,643,153,647,2367,663,133,558,0,0,796,2925,df_wo_demo_025
81,0,371,2003,1127,221,371,2003,1127,221,0,0,3130,592,df_wo_demo_025
81,1,271,1434,1711,306,271,1434,1711,306,0,0,3145,577,df_wo_demo_025
81,2,2303,630,163,626,2303,630,163,626,0,0,793,2929,df_wo_demo_025
82,0,324,1781,1335,277,324,1781,1335,277,0,0,3116,601,df_wo_demo_025
82,1,267,1300,1822,328,267,1300,1822,328,0,0,3122,595,df_wo_demo_025
82,2,2321,636,166,594,2321,636,166,594,0,0,802,2915,df_wo_demo_025
83,0,305,1494,1612,310,348,1727,1379,267,0,0,3106,615,df_wo_demo_025
83,1,237,1248,1894,342,292,1493,1649,287,0,0,3142,579,df_wo_demo_025
83,2,2249,615,182,675,2385,654,143,539,0,0,797,2924,df_wo_demo_025
84,0,385,1831,1252,245,420,2031,1052,210,0,0,3083,630,df_wo_demo_025
84,1,234,1148,1952,379,265,1355,1745,348,0,0,3100,613,df_wo_demo_025
84,2,2273,642,180,618,2437,696,126,454,0,0,822,2891,df_wo_demo_025
85,0,309,1593,1494,323,352,1815,1272,280,0,0,3087,632,df_wo_demo_025
85,1,189,932,2175,423,221,1093,2014,391,0,0,3107,612,df_wo_demo_025
85,2,2332,658,168,561,2488,715,111,405,0,0,826,2893,df_wo_demo_025
86,0,331,1594,1527,270,358,1756,1365,243,0,0,3121,601,df_wo_demo_025
86,1,297,1492,1645,288,327,1660,1477,258,0,0,3137,585,df_wo_demo_025
86,2,2394,637,151,540,2485,665,123,449,0,0,788,2934,df_wo_demo_025
87,0,275,1561,1577,315,295,1642,1496,295,0,0,3138,590,df_wo_demo_025
87,1,256,1466,1695,311,263,1539,1622,304,0,0,3161,567,df_wo_demo_025
87,2,2427,636,144,521,2477,646,134,471,0,0,780,2948,df_wo_demo_025
88,0,343,1706,1387,283,367,1838,1255,259,0,0,3093,626,df_wo_demo_025
88,1,281,1549,1590,299,303,1688,1451,277,0,0,3139,580,df_wo_demo_025
88,2,2378,663,152,526,2454,690,125,450,0,0,815,2904,df_wo_demo_025
89,0,388,1949,1155,233,388,1949,1155,233,0,0,3104,621,df_wo_demo_025
89,1,251,1377,1772,325,251,1377,1772,325,0,0,3149,576,df_wo_demo_025
89,2,2204,589,210,722,2204,589,210,722,0,0,799,2926,df_wo_demo_025
90,0,396,1932,1159,239,396,1932,1159,239,0,0,3091,635,df_wo_demo_025
90,1,378,1983,1164,201,378,1983,1164,201,0,0,3147,579,df_wo_demo_025
90,2,2220,622,189,695,2220,622,189,695,0,0,811,2915,df_wo_demo_025
91,0,342,1705,1416,265,342,1705,1416,265,0,0,3121,607,df_wo_demo_025
91,1,263,1558,1615,292,263,1558,1615,292,0,0,3173,555,df_wo_demo_025
91,2,2359,609,176,584,2359,609,176,584,0,0,785,2943,df_wo_demo_025
92,0,300,1523,1587,308,300,1523,1587,308,0,0,3110,608,df_wo_demo_025
92,1,238,1306,1823,351,238,1306,1823,351,0,0,3129,589,df_wo_demo_025
92,2,2308,653,159,598,2308,653,159,598,0,0,812,2906,df_wo_demo_025
93,0,337,1708,1426,253,373,1932,1202,217,0,0,3134,590,df_wo_demo_025
93,1,197,1085,2093,349,237,1327,1851,309,0,0,3178,546,df_wo_demo_025
93,2,2399,623,150,552,2516,659,114,435,0,0,773,2951,df_wo_demo_025
94,0,329,1670,1419,305,374,1879,1210,260,0,0,3089,634,df_wo_demo_025
94,1,218,1241,1878,386,250,1360,1759,354,0,0,3119,604,df_wo_demo_025
94,2,2221,645,180,677,2338,682,143,560,0,0,825,2898,df_wo_demo_025
95,0,373,1804,1290,259,413,2000,1094,219,0,0,3094,632,df_wo_demo_025
95,1,309,1577,1547,293,351,1745,1379,251,0,0,3124,602,df_wo_demo_025
95,2,2208,627,193,698,2339,668,152,567,0,0,820,2906,df_wo_demo_025
96,0,302,1613,1512,298,331,1769,1356,269,0,0,3125,600,df_wo_demo_025
96,1,269,1488,1676,292,297,1633,1531,264,0,0,3164,561,df_wo_demo_025
96,2,2339,617,164,605,2468,651,130,476,0,0,781,2944,df_wo_demo_025
97,0,342,1874,1220,291,342,1874,1220,291,0,0,3094,633,df_wo_demo_025
97,1,345,1783,1351,248,345,1783,1351,248,0,0,3134,593,df_wo_demo_025
97,2,2311,665,164,587,2311,665,164,587,0,0,829,2898,df_wo_demo_025
98,0,260,1269,1834,354,303,1564,1539,311,0,0,3103,614,df_wo_demo_025
98,1,154,920,2207,436,197,1127,2000,393,0,0,3127,590,df_wo_demo_025
98,2,2323,638,175,581,2524,703,110,380,0,0,813,2904,df_wo_demo_025
99,0,345,1816,1285,275,345,1816,1285,275,0,0,3101,620,df_wo_demo_025
99,1,207,1035,2096,383,207,1035,2096,383,0,0,3131,590,df_wo_demo_025
99,2,2307,638,171,605,2307,638,171,605,0,0,809,2912,df_wo_demo_025
0,0,190,866,2211,459,190,866,2211,459,235,1095,1982,414,df_w_demo_025
0,1,229,1269,1893,335,229,1269,1893,335,278,1502,1660,286,df_w_demo_025
0,2,2462,702,93,469,2462,702,93,469,2618,726,69,313,df_w_demo_025
1,0,341,1627,1490,271,341,1627,1490,271,0,0,3117,612,df_w_demo_025
1,1,316,1862,1318,233,316,1862,1318,233,0,0,3180,549,df_w_demo_025
1,2,2333,633,152,611,2333,633,152,611,0,0,785,2944,df_w_demo_025
2,0,306,1610,1515,288,306,1610,1515,288,0,0,3125,594,df_w_demo_025
2,1,295,1716,1458,250,295,1716,1458,250,0,0,3174,545,df_w_demo_025
2,2,2409,639,134,537,2409,639,134,537,0,0,773,2946,df_w_demo_025
3,0,276,1283,1814,350,295,1406,1691,331,0,0,3097,626,df_w_demo_025
3,1,266,1456,1673,328,293,1570,1559,301,0,0,3129,594,df_w_demo_025
3,2,2398,687,132,506,2466,699,120,438,0,0,819,2904,df_w_demo_025
4,0,271,1286,1833,336,313,1498,1621,294,271,1286,1833,336,df_w_demo_025
4,1,175,987,2162,402,213,1133,2016,364,175,987,2162,402,df_w_demo_025
4,2,2410,637,149,530,2519,670,116,421,2410,637,149,530,df_w_demo_025
5,0,260,1327,1792,344,260,1327,1792,344,0,0,3119,604,df_w_demo_025
5,1,222,1123,1995,383,222,1123,1995,383,0,0,3118,605,df_w_demo_025
5,2,2324,656,164,579,2324,656,164,579,0,0,820,2903,df_w_demo_025
6,0,269,1400,1729,324,306,1604,1525,287,0,0,3129,593,df_w_demo_025
6,1,226,1162,1972,362,252,1338,1796,336,0,0,3134,588,df_w_demo_025
6,2,2252,612,163,695,2468,653,122,479,0,0,775,2947,df_w_demo_025
7,0,351,1726,1410,233,382,1944,1192,202,0,0,3136,584,df_w_demo_025
7,1,242,1262,1871,345,289,1495,1638,298,0,0,3133,587,df_w_demo_025
7,2,2258,593,184,685,2396,637,140,547,0,0,777,2943,df_w_demo_025
8,0,260,1390,1740,334,260,1390,1740,334,0,0,3130,594,df_w_demo_025
8,1,260,1570,1615,279,260,1570,1615,279,0,0,3185,539,df_w_demo_025
8,2,2324,642,128,630,2324,642,128,630,0,0,770,2954,df_w_demo_025
9,0,267,1343,1778,334,267,1343,1778,334,0,0,3121,601,df_w_demo_025
9,1,365,1891,1259,207,365,1891,1259,207,0,0,3150,572,df_w_demo_025
9,2,2270,627,172,653,2270,627,172,653,0,0,799,2923,df_w_demo_025
10,0,264,1311,1796,346,274,1360,1747,336,288,1429,1678,322,df_w_demo_025
10,1,254,1254,1884,325,267,1306,1832,312,277,1380,1758,302,df_w_demo_025
10,2,2411,660,146,500,2450,671,135,461,2481,682,124,430,df_w_demo_025
11,0,304,1667,1461,288,317,1755,1373,275,0,0,3128,592,df_w_demo_025
11,1,330,1801,1368,221,348,1901,1268,203,0,0,3169,551,df_w_demo_025
11,2,2376,638,137,569,2444,654,121,501,0,0,775,2945,df_w_demo_025
12,0,393,1941,1148,234,393,1941,1148,234,0,0,3089,627,df_w_demo_025
12,1,302,1618,1485,311,302,1618,1485,311,0,0,3103,613,df_w_demo_025
12,2,2328,669,167,552,2328,669,167,552,0,0,836,2880,df_w_demo_025
13,0,247,1253,1845,383,279,1408,1690,351,279,1408,1690,351,df_w_demo_025
13,1,180,917,2199,432,205,1029,2087,407,205,1029,2087,407,df_w_demo_025
13,2,2465,691,136,436,2541,720,107,360,2541,720,107,360,df_w_demo_025
14,0,396,2053,1078,185,396,2053,1078,185,0,0,3131,581,df_w_demo_025
14,1,299,1658,1500,255,299,1658,1500,255,0,0,3158,554,df_w_demo_025
14,2,2358,612,156,586,2358,612,156,586,0,0,768,2944,df_w_demo_025
15,0,291,1585,1505,341,322,1682,1408,310,0,0,3090,632,df_w_demo_025
15,1,256,1354,1786,326,269,1455,1685,313,0,0,3140,582,df_w_demo_025
15,2,2310,660,157,595,2370,684,133,535,0,0,817,2905,df_w_demo_025
16,0,356,1806,1328,232,356,1806,1328,232,0,0,3134,588,df_w_demo_025
16,1,305,1626,1526,265,305,1626,1526,265,0,0,3152,570,df_w_demo_025
16,2,2320,601,184,617,2320,601,184,617,0,0,785,2937,df_w_demo_025
17,0,319,1588,1501,311,319,1588,1501,311,0,0,3089,630,df_w_demo_025
17,1,239,1299,1844,337,239,1299,1844,337,0,0,3143,576,df_w_demo_025
17,2,2306,654,159,600,2306,654,159,600,0,0,813,2906,df_w_demo_025
18,0,250,1321,1813,334,279,1501,1633,305,0,0,3134,584,df_w_demo_025
18,1,190,1097,2072,359,236,1370,1799,313,0,0,3169,549,df_w_demo_025
18,2,2337,622,141,618,2479,652,111,476,0,0,763,2955,df_w_demo_025
19,0,388,1917,1190,227,453,2213,894,162,0,0,3107,615,df_w_demo_025
19,1,137,921,2233,431,188,1125,2029,380,0,0,3154,568,df_w_demo_025
19,2,2272,602,191,657,2465,654,139,464,0,0,793,2929,df_w_demo_025
20,0,286,1495,1611,329,286,1495,1611,329,0,0,3106,615,df_w_demo_025
20,1,285,1651,1487,298,285,1651,1487,298,0,0,3138,583,df_w_demo_025
20,2,2353,667,144,557,2353,667,144,557,0,0,811,2910,df_w_demo_025
21,0,385,1933,1160,241,385,1933,1160,241,0,0,3093,626,df_w_demo_025
21,1,278,1475,1659,307,278,1475,1659,307,0,0,3134,585,df_w_demo_025
21,2,2320,664,143,592,2320,664,143,592,0,0,807,2912,df_w_demo_025
22,0,414,2050,1054,204,414,2050,1054,204,0,0,3104,618,df_w_demo_025
22,1,90,422,2683,527,90,422,2683,527,0,0,3105,617,df_w_demo_025
22,2,2250,656,175,641,2250,656,175,641,0,0,831,2891,df_w_demo_025
23,0,213,1320,1797,401,236,1416,1701,378,139,802,2315,475,df_w_demo_025
23,1,300,1669,1476,286,323,1780,1365,263,199,1078,2067,387,df_w_demo_025
23,2,2369,651,143,568,2421,669,125,516,1949,559,235,988,df_w_demo_025
24,0,312,1613,1483,315,335,1705,1391,292,0,0,3096,627,df_w_demo_025
24,1,307,1438,1688,290,317,1521,1605,280,0,0,3126,597,df_w_demo_025
24,2,2330,655,173,565,2417,670,158,478,0,0,828,2895,df_w_demo_025
25,0,161,913,2193,457,190,1050,2056,428,303,1583,1523,315,df_w_demo_025
25,1,114,597,2533,480,131,702,2428,463,204,1062,2068,390,df_w_demo_025
25,2,2505,684,129,406,2578,710,103,333,2734,761,52,177,df_w_demo_025
26,0,324,1556,1516,325,353,1690,1382,296,0,0,3072,649,df_w_demo_025
26,1,351,1670,1425,275,379,1822,1273,247,0,0,3095,626,df_w_demo_025
26,2,2365,689,142,525,2455,713,118,435,0,0,831,2890,df_w_demo_025
27,0,320,1705,1420,276,349,1880,1245,247,0,0,3125,596,df_w_demo_025
27,1,258,1541,1622,300,306,1759,1404,252,0,0,3163,558,df_w_demo_025
27,2,2255,612,149,705,2414,645,116,546,0,0,761,2960,df_w_demo_025
28,0,238,1071,2014,398,252,1148,1937,384,187,853,2232,449,df_w_demo_025
28,1,269,1437,1705,310,294,1529,1613,285,211,1155,1987,368,df_w_demo_025
28,2,2472,673,132,444,2530,687,118,386,2259,621,184,657,df_w_demo_025
29,0,267,1466,1672,322,300,1600,1538,289,0,0,3138,589,df_w_demo_025
29,1,405,2053,1076,193,430,2168,961,168,0,0,3129,598,df_w_demo_025
29,2,2335,643,153,596,2435,675,121,496,0,0,796,2931,df_w_demo_025
30,0,212,1158,1982,372,212,1158,1982,372,254,1382,1758,330,df_w_demo_025
30,1,165,1069,2112,378,165,1069,2112,378,204,1272,1909,339,df_w_demo_025
30,2,2495,632,124,473,2495,632,124,473,2629,666,90,339,df_w_demo_025
31,0,145,760,2358,465,164,866,2252,446,331,1657,1461,279,df_w_demo_025
31,1,122,577,2577,452,143,676,2478,431,270,1326,1828,304,df_w_demo_025
31,2,2591,700,101,336,2636,712,89,291,2829,775,26,98,df_w_demo_025
32,0,335,1695,1406,288,360,1792,1309,263,0,0,3101,623,df_w_demo_025
32,1,289,1416,1708,311,318,1558,1566,282,0,0,3124,600,df_w_demo_025
32,2,2349,670,153,552,2444,691,132,457,0,0,823,2901,df_w_demo_025
33,0,276,1614,1510,322,276,1614,1510,322,0,0,3124,598,df_w_demo_025
33,1,132,792,2357,441,132,792,2357,441,0,0,3149,573,df_w_demo_025
33,2,2350,629,153,590,2350,629,153,590,0,0,782,2940,df_w_demo_025
34,0,308,1675,1438,301,356,1897,1216,253,0,0,3113,609,df_w_demo_025
34,1,219,1132,2016,355,257,1324,1824,317,0,0,3148,574,df_w_demo_025
34,2,2271,662,147,642,2386,684,125,527,0,0,809,2913,df_w_demo_025
35,0,164,872,2257,436,164,872,2257,436,224,1192,1937,376,df_w_demo_025
35,1,183,1018,2122,406,183,1018,2122,406,251,1401,1739,338,df_w_demo_025
35,2,2516,701,110,402,2516,701,110,402,2640,732,79,278,df_w_demo_025
36,0,206,1058,2032,427,255,1255,1835,378,255,1255,1835,378,df_w_demo_025
36,1,161,887,2228,447,213,1091,2024,395,213,1091,2024,395,df_w_demo_025
36,2,2371,680,157,515,2511,728,109,375,2511,728,109,375,df_w_demo_025
37,0,385,2001,1103,226,385,2001,1103,226,0,0,3104,611,df_w_demo_025
37,1,228,1320,1815,352,228,1320,1815,352,0,0,3135,580,df_w_demo_025
37,2,2279,655,156,625,2279,655,156,625,0,0,811,2904,df_w_demo_025
38,0,342,1789,1331,262,414,2129,991,190,0,0,3120,604,df_w_demo_025
38,1,54,301,2845,524,83,414,2732,495,0,0,3146,578,df_w_demo_025
38,2,2325,607,175,617,2570,681,101,372,0,0,782,2942,df_w_demo_025
39,0,288,1425,1663,353,338,1627,1461,303,0,0,3088,641,df_w_demo_025
39,1,217,1126,1999,387,248,1278,1847,356,0,0,3125,604,df_w_demo_025
39,2,2410,666,164,489,2497,696,134,402,0,0,830,2899,df_w_demo_025
40,0,284,1379,1712,342,284,1379,1712,342,0,0,3091,626,df_w_demo_025
40,1,288,1390,1724,315,288,1390,1724,315,0,0,3114,603,df_w_demo_025
40,2,2275,637,179,626,2275,637,179,626,0,0,816,2901,df_w_demo_025
41,0,340,1796,1343,237,370,1950,1189,207,0,0,3139,577,df_w_demo_025
41,1,326,1841,1327,222,338,1922,1246,210,0,0,3168,548,df_w_demo_025
41,2,2295,592,165,664,2354,620,137,605,0,0,757,2959,df_w_demo_025
42,0,349,1656,1433,291,383,1801,1288,257,0,0,3089,640,df_w_demo_025
42,1,237,1208,1917,367,262,1352,1773,342,0,0,3125,604,df_w_demo_025
42,2,2337,663,160,569,2472,689,134,434,0,0,823,2906,df_w_demo_025
43,0,377,1982,1137,227,377,1982,1137,227,0,0,3119,604,df_w_demo_025
43,1,315,1721,1430,257,315,1721,1430,257,0,0,3151,572,df_w_demo_025
43,2,2225,584,189,725,2225,584,189,725,0,0,773,2950,df_w_demo_025
44,0,294,1535,1579,316,294,1535,1579,316,0,0,3114,610,df_w_demo_025
44,1,263,1370,1760,331,263,1370,1760,331,0,0,3130,594,df_w_demo_025
44,2,2417,667,150,490,2417,667,150,490,0,0,817,2907,df_w_demo_025
45,0,239,1186,1945,353,275,1403,1728,317,0,0,3131,592,df_w_demo_025
45,1,292,1499,1642,290,342,1789,1352,240,0,0,3141,582,df_w_demo_025
45,2,2304,581,208,630,2435,640,149,499,0,0,789,2934,df_w_demo_025
46,0,313,1674,1447,292,313,1674,1447,292,0,0,3121,605,df_w_demo_025
46,1,191,1112,2032,391,191,1112,2032,391,0,0,3144,582,df_w_demo_025
46,2,2403,660,146,517,2403,660,146,517,0,0,806,2920,df_w_demo_025
47,0,296,1664,1474,285,316,1775,1363,265,0,0,3138,581,df_w_demo_025
47,1,253,1445,1730,291,268,1551,1624,276,0,0,3175,544,df_w_demo_025
47,2,2393,624,132,570,2462,642,114,501,0,0,756,2963,df_w_demo_025
48,0,243,1130,1934,415,279,1295,1769,379,0,0,3064,658,df_w_demo_025
48,1,342,1708,1425,247,379,1940,1193,210,0,0,3133,589,df_w_demo_025
48,2,2258,632,198,634,2379,676,154,513,0,0,830,2892,df_w_demo_025
49,0,269,1402,1725,328,300,1592,1535,297,0,0,3127,597,df_w_demo_025
49,1,249,1387,1759,329,290,1595,1551,288,0,0,3146,578,df_w_demo_025
49,2,2312,630,160,622,2422,657,133,512,0,0,790,2934,df_w_demo_025
50,0,284,1479,1638,317,313,1627,1490,288,0,0,3117,601,df_w_demo_025
50,1,301,1685,1467,265,328,1816,1336,238,0,0,3152,566,df_w_demo_025
50,2,2261,601,191,665,2404,634,158,522,0,0,792,2926,df_w_demo_025
51,0,216,1098,2010,398,248,1267,1841,366,0,0,3108,614,df_w_demo_025
51,1,291,1561,1578,292,317,1702,1437,266,0,0,3139,583,df_w_demo_025
51,2,2263,623,185,651,2399,659,149,515,0,0,808,2914,df_w_demo_025
52,0,325,1575,1508,305,367,1755,1328,263,0,0,3083,630,df_w_demo_025
52,1,223,1309,1833,348,257,1497,1645,314,0,0,3142,571,df_w_demo_025
52,2,2321,633,179,580,2452,681,131,449,0,0,812,2901,df_w_demo_025
53,0,336,1617,1485,282,336,1617,1485,282,0,0,3102,618,df_w_demo_025
53,1,169,909,2219,423,169,909,2219,423,0,0,3128,592,df_w_demo_025
53,2,2387,660,153,520,2387,660,153,520,0,0,813,2907,df_w_demo_025
54,0,317,1555,1551,300,391,1943,1163,226,0,0,3106,617,df_w_demo_025
54,1,275,1520,1623,305,304,1654,1489,276,0,0,3143,580,df_w_demo_025
54,2,2198,603,200,722,2325,638,165,595,0,0,803,2920,df_w_demo_025
55,0,431,2059,1049,194,431,2059,1049,194,0,0,3108,625,df_w_demo_025
55,1,265,1414,1715,339,265,1414,1715,339,0,0,3129,604,df_w_demo_025
55,2,2310,631,182,610,2310,631,182,610,0,0,813,2920,df_w_demo_025
56,0,254,1211,1871,386,292,1379,1703,348,292,1379,1703,348,df_w_demo_025
56,1,173,928,2200,421,202,1065,2063,392,202,1065,2063,392,df_w_demo_025
56,2,2327,682,147,566,2453,713,116,440,2453,713,116,440,df_w_demo_025
57,0,322,1539,1582,280,350,1723,1398,252,0,0,3121,602,df_w_demo_025
57,1,242,1243,1889,349,269,1388,1744,322,0,0,3132,591,df_w_demo_025
57,2,2271,629,172,651,2414,664,137,508,0,0,801,2922,df_w_demo_025
58,0,368,1836,1266,247,368,1836,1266,247,0,0,3102,615,df_w_demo_025
58,1,325,1755,1381,256,325,1755,1381,256,0,0,3136,581,df_w_demo_025
58,2,2277,597,194,649,2277,597,194,649,0,0,791,2926,df_w_demo_025
59,0,246,1202,1917,364,269,1361,1758,341,269,1361,1758,341,df_w_demo_025
59,1,178,984,2177,390,222,1185,1976,346,222,1185,1976,346,df_w_demo_025
59,2,2508,662,131,428,2590,686,107,346,2590,686,107,346,df_w_demo_025
60,0,330,1771,1338,280,330,1771,1338,280,0,0,3109,610,df_w_demo_025
60,1,186,904,2204,425,186,904,2204,425,0,0,3108,611,df_w_demo_025
60,2,2420,681,126,492,2420,681,126,492,0,0,807,2912,df_w_demo_025
61,0,141,661,2426,495,178,835,2252,458,258,1289,1798,378,df_w_demo_025
61,1,165,758,2387,413,200,996,2149,378,283,1543,1602,295,df_w_demo_025
61,2,2379,668,150,526,2550,717,101,355,2740,773,45,165,df_w_demo_025
62,0,420,2034,1047,217,420,2034,1047,217,0,0,3081,637,df_w_demo_025
62,1,241,1301,1835,341,241,1301,1835,341,0,0,3136,582,df_w_demo_025
62,2,2298,630,185,605,2298,630,185,605,0,0,815,2903,df_w_demo_025
63,0,300,1653,1468,300,340,1842,1279,260,0,0,3121,600,df_w_demo_025
63,1,281,1571,1592,277,332,1890,1273,226,0,0,3163,558,df_w_demo_025
63,2,2199,581,203,738,2414,641,143,523,0,0,784,2937,df_w_demo_025
64,0,347,1458,1628,292,372,1581,1505,267,0,0,3086,639,df_w_demo_025
64,1,299,1441,1672,313,327,1572,1541,285,0,0,3113,612,df_w_demo_025
64,2,2377,647,176,525,2440,662,161,462,0,0,823,2902,df_w_demo_025
65,0,325,1712,1391,293,351,1848,1255,267,297,1572,1531,321,df_w_demo_025
65,1,141,758,2341,481,163,856,2243,459,119,662,2437,503,df_w_demo_025
65,2,2421,681,153,466,2486,704,130,401,2336,657,177,551,df_w_demo_025
66,0,222,1151,1985,364,273,1405,1731,313,250,1286,1850,336,df_w_demo_025
66,1,200,1043,2091,388,228,1253,1881,360,216,1163,1971,372,df_w_demo_025
66,2,2449,676,131,466,2548,705,102,367,2503,693,114,412,df_w_demo_025
67,0,363,1687,1413,257,376,1756,1344,244,0,0,3100,620,df_w_demo_025
67,1,319,1614,1496,291,339,1719,1391,271,0,0,3110,610,df_w_demo_025
67,2,2295,627,190,608,2345,646,171,558,0,0,817,2903,df_w_demo_025
68,0,312,1518,1571,319,328,1621,1468,303,0,0,3089,631,df_w_demo_025
68,1,325,1675,1444,276,342,1770,1349,259,0,0,3119,601,df_w_demo_025
68,2,2295,663,170,592,2361,682,151,526,0,0,833,2887,df_w_demo_025
69,0,242,1150,1932,401,278,1355,1727,365,278,1355,1727,365,df_w_demo_025
69,1,174,851,2291,409,217,1080,2062,366,217,1080,2062,366,df_w_demo_025
69,2,2300,657,166,602,2470,708,115,432,2470,708,115,432,df_w_demo_025
70,0,216,999,2102,395,240,1115,1986,371,303,1372,1729,308,df_w_demo_025
70,1,202,1122,2012,376,214,1207,1927,364,241,1403,1731,337,df_w_demo_025
70,2,2495,665,143,409,2576,688,120,328,2693,729,79,211,df_w_demo_025
71,0,314,1661,1443,305,342,1760,1344,277,0,0,3104,619,df_w_demo_025
71,1,228,1277,1877,341,247,1386,1768,322,0,0,3154,569,df_w_demo_025
71,2,2307,668,139,609,2404,688,119,512,0,0,807,2916,df_w_demo_025
72,0,387,1701,1365,269,418,1879,1187,238,0,0,3066,656,df_w_demo_025
72,1,221,1227,1891,383,255,1399,1719,349,0,0,3118,604,df_w_demo_025
72,2,2191,653,188,690,2317,693,148,564,0,0,841,2881,df_w_demo_025
73,0,329,1701,1402,291,329,1701,1402,291,0,0,3103,620,df_w_demo_025
73,1,262,1595,1560,306,262,1595,1560,306,0,0,3155,568,df_w_demo_025
73,2,2372,641,159,551,2372,641,159,551,0,0,800,2923,df_w_demo_025
74,0,274,1275,1808,364,309,1490,1593,329,0,0,3083,638,df_w_demo_025
74,1,352,1866,1268,235,407,2145,989,180,0,0,3134,587,df_w_demo_025
74,2,2178,622,198,723,2354,681,139,547,0,0,820,2901,df_w_demo_025
75,0,371,1743,1358,248,371,1743,1358,248,0,0,3101,619,df_w_demo_025
75,1,262,1479,1675,304,262,1479,1675,304,0,0,3154,566,df_w_demo_025
75,2,2373,642,154,551,2373,642,154,551,0,0,796,2924,df_w_demo_025
76,0,244,1352,1755,369,244,1352,1755,369,0,0,3107,613,df_w_demo_025
76,1,128,705,2445,442,128,705,2445,442,0,0,3150,570,df_w_demo_025
76,2,2418,676,118,508,2418,676,118,508,0,0,794,2926,df_w_demo_025
77,0,233,1324,1792,373,264,1476,1640,342,0,0,3116,606,df_w_demo_025
77,1,304,1683,1462,273,342,1878,1267,235,0,0,3145,577,df_w_demo_025
77,2,2348,642,153,579,2443,677,118,484,0,0,795,2927,df_w_demo_025
78,0,310,1517,1592,305,345,1684,1425,270,0,0,3109,615,df_w_demo_025
78,1,274,1405,1731,314,305,1595,1541,283,0,0,3136,588,df_w_demo_025
78,2,2347,670,152,555,2443,706,116,459,0,0,822,2902,df_w_demo_025
79,0,314,1575,1520,312,314,1575,1520,312,0,0,3095,626,df_w_demo_025
79,1,254,1338,1778,351,254,1338,1778,351,0,0,3116,605,df_w_demo_025
79,2,2389,718,113,501,2389,718,113,501,0,0,831,2890,df_w_demo_025
80,0,272,1478,1639,332,288,1579,1538,316,0,0,3117,604,df_w_demo_025
80,1,289,1523,1600,309,310,1634,1489,288,0,0,3123,598,df_w_demo_025
80,2,2401,676,120,524,2475,696,100,450,0,0,796,2925,df_w_demo_025
81,0,276,1489,1641,316,319,1697,1433,273,214,1088,2042,378,df_w_demo_025
81,1,235,1253,1892,342,269,1430,1715,308,178,921,2224,399,df_w_demo_025
81,2,2439,632,161,490,2547,669,124,382,2191,560,233,738,df_w_demo_025
82,0,345,1885,1231,256,371,2009,1107,230,0,0,3116,601,df_w_demo_025
82,1,309,1601,1521,286,331,1724,1398,264,0,0,3122,595,df_w_demo_025
82,2,2370,641,161,545,2443,667,135,472,0,0,802,2915,df_w_demo_025
83,0,235,1028,2078,380,235,1028,2078,380,0,0,3106,615,df_w_demo_025
83,1,255,1376,1766,324,255,1376,1766,324,0,0,3142,579,df_w_demo_025
83,2,2346,633,164,578,2346,633,164,578,0,0,797,2924,df_w_demo_025
84,0,375,1737,1346,255,413,1900,1183,217,0,0,3083,630,df_w_demo_025
84,1,247,1117,1983,366,280,1326,1774,333,0,0,3100,613,df_w_demo_025
84,2,2238,655,167,653,2397,692,130,494,0,0,822,2891,df_w_demo_025
85,0,321,1570,1517,311,321,1570,1517,311,0,0,3087,632,df_w_demo_025
85,1,240,1317,1790,372,240,1317,1790,372,0,0,3107,612,df_w_demo_025
85,2,2391,674,152,502,2391,674,152,502,0,0,826,2893,df_w_demo_025
86,0,309,1688,1433,292,309,1688,1433,292,0,0,3121,601,df_w_demo_025
86,1,357,1951,1186,228,357,1951,1186,228,0,0,3137,585,df_w_demo_025
86,2,2318,623,165,616,2318,623,165,616,0,0,788,2934,df_w_demo_025
87,0,299,1689,1449,291,319,1773,1365,271,0,0,3138,590,df_w_demo_025
87,1,285,1557,1604,282,298,1629,1532,269,0,0,3161,567,df_w_demo_025
87,2,2365,633,147,583,2431,641,139,517,0,0,780,2948,df_w_demo_025
88,0,294,1435,1658,332,294,1435,1658,332,294,1435,1658,332,df_w_demo_025
88,1,237,1283,1856,343,237,1283,1856,343,237,1283,1856,343,df_w_demo_025
88,2,2414,671,144,490,2414,671,144,490,2414,671,144,490,df_w_demo_025
89,0,378,1803,1301,243,378,1803,1301,243,0,0,3104,621,df_w_demo_025
89,1,230,1287,1862,346,230,1287,1862,346,0,0,3149,576,df_w_demo_025
89,2,2259,630,169,667,2259,630,169,667,0,0,799,2926,df_w_demo_025
90,0,308,1378,1713,327,377,1691,1400,258,0,0,3091,635,df_w_demo_025
90,1,300,1617,1530,279,350,1956,1191,229,0,0,3147,579,df_w_demo_025
90,2,2140,605,206,775,2358,663,148,557,0,0,811,2915,df_w_demo_025
91,0,327,1674,1447,280,351,1781,1340,256,0,0,3121,607,df_w_demo_025
91,1,239,1443,1730,316,268,1568,1605,287,0,0,3173,555,df_w_demo_025
91,2,2356,603,182,587,2427,631,154,516,0,0,785,2943,df_w_demo_025
92,0,265,1415,1695,343,294,1529,1581,314,265,1415,1695,343,df_w_demo_025
92,1,196,1035,2094,393,215,1161,1968,374,196,1035,2094,393,df_w_demo_025
92,2,2275,617,195,631,2394,653,159,512,2275,617,195,631,df_w_demo_025
93,0,289,1555,1579,301,289,1555,1579,301,0,0,3134,590,df_w_demo_025
93,1,196,1035,2143,350,196,1035,2143,350,0,0,3178,546,df_w_demo_025
93,2,2431,630,143,520,2431,630,143,520,0,0,773,2951,df_w_demo_025
94,0,239,1136,1953,395,274,1322,1767,360,344,1652,1437,290,df_w_demo_025
94,1,131,741,2378,473,155,853,2266,449,206,1132,1987,398,df_w_demo_025
94,2,2418,697,128,480,2491,718,107,407,2645,758,67,253,df_w_demo_025
95,0,368,1785,1309,264,368,1785,1309,264,0,0,3094,632,df_w_demo_025
95,1,114,586,2538,488,114,586,2538,488,0,0,3124,602,df_w_demo_025
95,2,2382,675,145,524,2382,675,145,524,0,0,820,2906,df_w_demo_025
96,0,353,1802,1323,247,386,1939,1186,214,0,0,3125,600,df_w_demo_025
96,1,258,1482,1682,303,266,1584,1580,295,0,0,3164,561,df_w_demo_025
96,2,2360,625,156,584,2440,644,137,504,0,0,781,2944,df_w_demo_025
97,0,245,1257,1837,388,277,1429,1665,356,0,0,3094,633,df_w_demo_025
97,1,234,1263,1871,359,272,1378,1756,321,0,0,3134,593,df_w_demo_025
97,2,2336,672,157,562,2444,697,132,454,0,0,829,2898,df_w_demo_025
98,0,252,1243,1860,362,291,1502,1601,323,334,1741,1362,280,df_w_demo_025
98,1,89,471,2656,501,126,633,2494,464,154,824,2303,436,df_w_demo_025
98,2,2317,662,151,587,2490,705,108,414,2626,736,77,278,df_w_demo_025
99,0,387,1955,1146,233,387,1955,1146,233,0,0,3101,620,df_w_demo_025
99,1,205,1090,2041,385,205,1090,2041,385,0,0,3131,590,df_w_demo_025
99,2,2351,649,160,561,2351,649,160,561,0,0,809,2912,df_w_demo_025
0,0,362,1797,1280,287,419,2025,1052,230,219,1057,2020,430,df_wo_demo_01
0,1,373,2050,1112,191,408,2271,891,156,234,1287,1875,330,df_wo_demo_01
0,2,2822,775,20,109,2874,785,10,57,2460,685,110,471,df_wo_demo_01
1,0,512,2552,565,100,512,2552,565,100,0,0,3117,612,df_wo_demo_01
1,1,488,2792,388,61,488,2792,388,61,0,0,3180,549,df_wo_demo_01
1,2,2636,707,78,308,2636,707,78,308,0,0,785,2944,df_wo_demo_01
2,0,437,2355,770,157,456,2460,665,138,0,0,3125,594,df_wo_demo_01
2,1,393,2225,949,152,417,2348,826,128,0,0,3174,545,df_wo_demo_01
2,2,2795,733,40,151,2845,746,27,101,0,0,773,2946,df_wo_demo_01
3,0,457,2320,777,169,496,2506,591,130,0,0,3097,626,df_wo_demo_01
3,1,425,2207,922,169,455,2384,745,139,0,0,3129,594,df_wo_demo_01
3,2,2673,760,59,231,2742,768,51,162,0,0,819,2904,df_wo_demo_01
4,0,465,2249,870,142,465,2249,870,142,0,0,3119,607,df_wo_demo_01
4,1,388,2117,1032,189,388,2117,1032,189,0,0,3149,577,df_wo_demo_01
4,2,2786,744,42,154,2786,744,42,154,0,0,786,2940,df_wo_demo_01
5,0,442,2257,862,162,459,2340,779,145,0,0,3119,604,df_wo_demo_01
5,1,481,2458,660,124,501,2554,564,104,0,0,3118,605,df_wo_demo_01
5,2,2740,778,42,163,2769,791,29,134,0,0,820,2903,df_wo_demo_01
6,0,380,2114,1015,213,423,2292,837,170,0,0,3129,593,df_wo_demo_01
6,1,371,1965,1169,217,413,2199,935,175,0,0,3134,588,df_wo_demo_01
6,2,2791,736,39,156,2851,754,21,96,0,0,775,2947,df_wo_demo_01
7,0,457,2407,729,127,485,2540,596,99,0,0,3136,584,df_wo_demo_01
7,1,437,2371,762,150,482,2618,515,105,0,0,3133,587,df_wo_demo_01
7,2,2609,687,90,334,2738,720,57,205,0,0,777,2943,df_wo_demo_01
8,0,429,2276,854,165,429,2276,854,165,0,0,3130,594,df_wo_demo_01
8,1,458,2694,491,81,458,2694,491,81,0,0,3185,539,df_wo_demo_01
8,2,2732,730,40,222,2732,730,40,222,0,0,770,2954,df_wo_demo_01
9,0,491,2470,651,110,512,2579,542,89,0,0,3121,601,df_wo_demo_01
9,1,395,2140,1010,177,430,2287,863,142,0,0,3150,572,df_wo_demo_01
9,2,2688,743,56,235,2754,759,40,169,0,0,799,2923,df_wo_demo_01
10,0,483,2333,774,127,504,2456,651,106,0,0,3107,610,df_wo_demo_01
10,1,426,2363,775,153,458,2491,647,121,0,0,3138,579,df_wo_demo_01
10,2,2728,748,58,183,2770,760,46,141,0,0,806,2911,df_wo_demo_01
11,0,455,2466,662,137,486,2607,521,106,0,0,3128,592,df_wo_demo_01
11,1,425,2455,714,126,445,2550,619,106,0,0,3169,551,df_wo_demo_01
11,2,2727,719,56,218,2759,733,42,186,0,0,775,2945,df_wo_demo_01
12,0,502,2474,615,125,521,2582,507,106,0,0,3089,627,df_wo_demo_01
12,1,416,1992,1111,197,434,2157,946,179,0,0,3103,613,df_wo_demo_01
12,2,2644,779,57,236,2701,797,39,179,0,0,836,2880,df_wo_demo_01
13,0,470,2318,780,160,497,2421,677,133,0,0,3098,630,df_wo_demo_01
13,1,373,1805,1311,239,404,1958,1158,208,0,0,3116,612,df_wo_demo_01
13,2,2760,779,48,141,2789,792,35,112,0,0,827,2901,df_wo_demo_01
14,0,467,2518,613,114,478,2585,546,103,0,0,3131,581,df_wo_demo_01
14,1,414,2380,778,140,433,2484,674,121,0,0,3158,554,df_wo_demo_01
14,2,2752,710,58,192,2795,731,37,149,0,0,768,2944,df_wo_demo_01
15,0,477,2400,690,155,500,2488,602,132,0,0,3090,632,df_wo_demo_01
15,1,392,2129,1011,190,407,2255,885,175,0,0,3140,582,df_wo_demo_01
15,2,2687,762,55,218,2735,769,48,170,0,0,817,2905,df_wo_demo_01
16,0,483,2505,629,105,499,2625,509,89,0,0,3134,588,df_wo_demo_01
16,1,436,2384,768,134,452,2517,635,118,0,0,3152,570,df_wo_demo_01
16,2,2693,710,75,244,2771,732,53,166,0,0,785,2937,df_wo_demo_01
17,0,446,2169,920,184,466,2324,765,164,0,0,3089,630,df_wo_demo_01
17,1,410,2303,840,166,434,2435,708,142,0,0,3143,576,df_wo_demo_01
17,2,2730,768,45,176,2785,780,33,121,0,0,813,2906,df_wo_demo_01
18,0,376,2083,1051,208,410,2248,886,174,0,0,3134,584,df_wo_demo_01
18,1,378,2192,977,171,418,2386,783,131,0,0,3169,549,df_wo_demo_01
18,2,2767,716,47,188,2844,739,24,111,0,0,763,2955,df_wo_demo_01
19,0,440,2158,949,175,440,2158,949,175,0,0,3107,615,df_wo_demo_01
19,1,388,2312,842,180,388,2312,842,180,0,0,3154,568,df_wo_demo_01
19,2,2767,740,53,162,2767,740,53,162,0,0,793,2929,df_wo_demo_01
20,0,443,2249,857,172,461,2350,756,154,0,0,3106,615,df_wo_demo_01
20,1,411,2293,845,172,430,2376,762,153,0,0,3138,583,df_wo_demo_01
20,2,2686,763,48,224,2726,767,44,184,0,0,811,2910,df_wo_demo_01
21,0,500,2510,583,126,516,2596,497,110,0,0,3093,626,df_wo_demo_01
21,1,377,2074,1060,208,396,2186,948,189,0,0,3134,585,df_wo_demo_01
21,2,2691,757,50,221,2726,770,37,186,0,0,807,2912,df_wo_demo_01
22,0,468,2367,737,150,502,2509,595,116,240,1277,1827,378,df_wo_demo_01
22,1,390,1858,1247,227,415,2030,1075,202,128,741,2364,489,df_wo_demo_01
22,2,2757,797,34,134,2785,806,25,106,2164,635,196,727,df_wo_demo_01
23,0,439,2324,793,175,482,2484,633,132,0,0,3117,614,df_wo_demo_01
23,1,378,1990,1155,208,428,2209,936,158,0,0,3145,586,df_wo_demo_01
23,2,2751,733,61,186,2810,757,37,127,0,0,794,2937,df_wo_demo_01
24,0,463,2306,790,164,479,2389,707,148,0,0,3096,627,df_wo_demo_01
24,1,437,2183,943,160,460,2286,840,137,0,0,3126,597,df_wo_demo_01
24,2,2719,762,66,176,2752,776,52,143,0,0,828,2895,df_wo_demo_01
25,0,386,2066,1040,232,427,2237,869,191,275,1527,1579,343,df_wo_demo_01
25,1,283,1539,1591,311,325,1743,1387,269,176,1009,2121,418,df_wo_demo_01
25,2,2812,788,25,99,2838,794,19,73,2687,743,70,224,df_wo_demo_01
26,0,465,2242,830,184,485,2361,711,164,0,0,3072,649,df_wo_demo_01
26,1,494,2503,592,132,521,2616,479,105,0,0,3095,626,df_wo_demo_01
26,2,2724,786,45,166,2763,799,32,127,0,0,831,2890,df_wo_demo_01
27,0,457,2450,675,139,474,2541,584,122,0,0,3125,596,df_wo_demo_01
27,1,435,2555,608,123,452,2633,530,106,0,0,3163,558,df_wo_demo_01
27,2,2762,718,43,198,2808,729,32,152,0,0,761,2960,df_wo_demo_01
28,0,403,1919,1166,233,444,2138,947,192,186,884,2201,450,df_wo_demo_01
28,1,438,2386,756,141,468,2561,581,111,252,1340,1802,327,df_wo_demo_01
28,2,2774,774,31,142,2815,782,23,101,2376,640,165,540,df_wo_demo_01
29,0,444,2320,818,145,472,2461,677,117,0,0,3138,589,df_wo_demo_01
29,1,445,2238,891,153,476,2393,736,122,0,0,3129,598,df_wo_demo_01
29,2,2720,736,60,211,2764,752,44,167,0,0,796,2931,df_wo_demo_01
30,0,396,2205,935,188,445,2465,675,139,0,0,3140,584,df_wo_demo_01
30,1,312,1888,1293,231,351,2104,1077,192,0,0,3181,543,df_wo_demo_01
30,2,2783,706,50,185,2867,726,30,101,0,0,756,2968,df_wo_demo_01
31,0,366,1955,1163,244,389,2110,1008,221,263,1351,1767,347,df_wo_demo_01
31,1,365,1944,1210,209,399,2100,1054,175,257,1235,1919,317,df_wo_demo_01
31,2,2823,774,27,104,2845,780,21,82,2656,728,73,271,df_wo_demo_01
32,0,458,2337,764,165,488,2420,681,135,0,0,3101,623,df_wo_demo_01
32,1,441,2252,872,159,462,2378,746,138,0,0,3124,600,df_wo_demo_01
32,2,2724,779,44,177,2765,783,40,136,0,0,823,2901,df_wo_demo_01
33,0,443,2420,704,155,481,2598,526,117,0,0,3124,598,df_wo_demo_01
33,1,308,1770,1379,265,357,2011,1138,216,0,0,3149,573,df_wo_demo_01
33,2,2724,728,54,216,2815,763,19,125,0,0,782,2940,df_wo_demo_01
34,0,522,2639,474,87,541,2711,402,68,0,0,3113,609,df_wo_demo_01
34,1,398,2056,1092,176,418,2178,970,156,0,0,3148,574,df_wo_demo_01
34,2,2718,742,67,195,2758,754,55,155,0,0,809,2913,df_wo_demo_01
35,0,456,2399,730,144,491,2566,563,109,0,0,3129,600,df_wo_demo_01
35,1,375,2058,1082,214,405,2231,909,184,0,0,3140,589,df_wo_demo_01
35,2,2737,754,57,181,2779,769,42,139,0,0,811,2918,df_wo_demo_01
36,0,479,2404,686,154,525,2656,434,108,0,0,3090,633,df_wo_demo_01
36,1,381,1986,1129,227,432,2237,878,176,0,0,3115,608,df_wo_demo_01
36,2,2612,762,75,274,2718,797,40,168,0,0,837,2886,df_wo_demo_01
37,0,497,2594,510,114,497,2594,510,114,0,0,3104,611,df_wo_demo_01
37,1,373,2070,1065,207,373,2070,1065,207,0,0,3135,580,df_wo_demo_01
37,2,2732,775,36,172,2732,775,36,172,0,0,811,2904,df_wo_demo_01
38,0,470,2386,734,134,470,2386,734,134,0,0,3120,604,df_wo_demo_01
38,1,385,2042,1104,193,385,2042,1104,193,0,0,3146,578,df_wo_demo_01
38,2,2755,735,47,187,2755,735,47,187,0,0,782,2942,df_wo_demo_01
39,0,481,2235,853,160,504,2393,695,137,0,0,3088,641,df_wo_demo_01
39,1,415,2034,1091,189,444,2172,953,160,0,0,3125,604,df_wo_demo_01
39,2,2694,771,59,205,2745,787,43,154,0,0,830,2899,df_wo_demo_01
40,0,446,2160,931,180,490,2361,730,136,0,0,3091,626,df_wo_demo_01
40,1,416,2122,992,187,455,2345,769,148,0,0,3114,603,df_wo_demo_01
40,2,2735,770,46,166,2794,784,32,107,0,0,816,2901,df_wo_demo_01
41,0,462,2403,736,115,462,2403,736,115,0,0,3139,577,df_wo_demo_01
41,1,369,2097,1071,179,369,2097,1071,179,0,0,3168,548,df_wo_demo_01
41,2,2775,709,48,184,2775,709,48,184,0,0,757,2959,df_wo_demo_01
42,0,445,2159,930,195,464,2255,834,176,0,0,3089,640,df_wo_demo_01
42,1,397,2124,1001,207,419,2259,866,185,0,0,3125,604,df_wo_demo_01
42,2,2714,773,50,192,2755,779,44,151,0,0,823,2906,df_wo_demo_01
43,0,454,2383,736,150,454,2383,736,150,0,0,3119,604,df_wo_demo_01
43,1,443,2405,746,129,443,2405,746,129,0,0,3151,572,df_wo_demo_01
43,2,2758,722,51,192,2758,722,51,192,0,0,773,2950,df_wo_demo_01
44,0,522,2672,442,88,522,2672,442,88,0,0,3114,610,df_wo_demo_01
44,1,441,2238,892,153,441,2238,892,153,0,0,3130,594,df_wo_demo_01
44,2,2677,736,81,230,2677,736,81,230,0,0,817,2907,df_wo_demo_01
45,0,412,2155,976,180,452,2380,751,140,0,0,3131,592,df_wo_demo_01
45,1,437,2310,831,145,473,2462,679,109,0,0,3141,582,df_wo_demo_01
45,2,2713,721,68,221,2781,738,51,153,0,0,789,2934,df_wo_demo_01
46,0,521,2636,485,84,542,2777,344,63,0,0,3121,605,df_wo_demo_01
46,1,364,2009,1135,218,400,2203,941,182,0,0,3144,582,df_wo_demo_01
46,2,2649,734,72,271,2754,767,39,166,0,0,806,2920,df_wo_demo_01
47,0,434,2305,833,147,448,2388,750,133,0,0,3138,581,df_wo_demo_01
47,1,402,2365,810,142,419,2470,705,125,0,0,3175,544,df_wo_demo_01
47,2,2773,705,51,190,2801,713,43,162,0,0,756,2963,df_wo_demo_01
48,0,505,2264,800,153,526,2347,717,132,0,0,3064,658,df_wo_demo_01
48,1,422,2121,1012,167,439,2233,900,150,0,0,3133,589,df_wo_demo_01
48,2,2701,760,70,191,2749,776,54,143,0,0,830,2892,df_wo_demo_01
49,0,456,2354,773,141,486,2494,633,111,0,0,3127,597,df_wo_demo_01
49,1,404,2203,943,174,425,2337,809,153,0,0,3146,578,df_wo_demo_01
49,2,2673,723,67,261,2721,738,52,213,0,0,790,2934,df_wo_demo_01
50,0,476,2447,670,125,497,2570,547,104,0,0,3117,601,df_wo_demo_01
50,1,441,2337,815,125,463,2475,677,103,0,0,3152,566,df_wo_demo_01
50,2,2684,726,66,242,2753,742,50,173,0,0,792,2926,df_wo_demo_01
51,0,434,2150,958,180,453,2301,807,161,0,0,3108,614,df_wo_demo_01
51,1,429,2318,821,154,457,2455,684,126,0,0,3139,583,df_wo_demo_01
51,2,2762,757,51,152,2802,770,38,112,0,0,808,2914,df_wo_demo_01
52,0,433,2134,949,197,469,2287,796,161,0,0,3083,630,df_wo_demo_01
52,1,388,2138,1004,183,426,2351,791,145,0,0,3142,571,df_wo_demo_01
52,2,2699,762,50,202,2757,779,33,144,0,0,812,2901,df_wo_demo_01
53,0,499,2448,654,119,532,2584,518,86,0,0,3102,618,df_wo_demo_01
53,1,368,1953,1175,224,419,2224,904,173,0,0,3128,592,df_wo_demo_01
53,2,2644,733,80,263,2728,752,61,179,0,0,813,2907,df_wo_demo_01
54,0,500,2476,630,117,518,2574,532,99,0,0,3106,617,df_wo_demo_01
54,1,426,2236,907,154,449,2385,758,131,0,0,3143,580,df_wo_demo_01
54,2,2704,739,64,216,2786,767,36,134,0,0,803,2920,df_wo_demo_01
55,0,543,2624,484,82,574,2786,322,51,0,0,3108,625,df_wo_demo_01
55,1,377,2020,1109,227,417,2177,952,187,0,0,3129,604,df_wo_demo_01
55,2,2675,734,79,245,2735,757,56,185,0,0,813,2920,df_wo_demo_01
56,0,422,2087,995,218,461,2239,843,179,0,0,3082,640,df_wo_demo_01
56,1,396,2053,1075,198,423,2195,933,171,0,0,3128,594,df_wo_demo_01
56,2,2673,782,47,220,2746,794,35,147,0,0,829,2893,df_wo_demo_01
57,0,473,2364,757,129,499,2494,627,103,0,0,3121,602,df_wo_demo_01
57,1,432,2359,773,159,452,2481,651,139,0,0,3132,591,df_wo_demo_01
57,2,2622,721,80,300,2696,739,62,226,0,0,801,2922,df_wo_demo_01
58,0,486,2448,654,129,506,2538,564,109,0,0,3102,615,df_wo_demo_01
58,1,470,2537,599,111,484,2678,458,97,0,0,3136,581,df_wo_demo_01
58,2,2694,736,55,232,2742,748,43,184,0,0,791,2926,df_wo_demo_01
59,0,448,2314,805,162,462,2399,720,148,0,0,3119,610,df_wo_demo_01
59,1,420,2402,759,148,460,2559,602,108,0,0,3161,568,df_wo_demo_01
59,2,2748,733,60,188,2797,752,41,139,0,0,793,2936,df_wo_demo_01
60,0,498,2495,614,112,520,2612,497,90,0,0,3109,610,df_wo_demo_01
60,1,430,2156,952,181,458,2314,794,153,0,0,3108,611,df_wo_demo_01
60,2,2756,770,37,156,2800,779,28,112,0,0,807,2912,df_wo_demo_01
61,0,410,2047,1040,226,446,2235,852,190,0,0,3087,636,df_wo_demo_01
61,1,436,2375,770,142,468,2568,577,110,0,0,3145,578,df_wo_demo_01
61,2,2781,783,35,124,2820,796,22,85,0,0,818,2905,df_wo_demo_01
62,0,528,2569,512,109,528,2569,512,109,0,0,3081,637,df_wo_demo_01
62,1,394,2063,1073,188,394,2063,1073,188,0,0,3136,582,df_wo_demo_01
62,2,2667,739,76,236,2667,739,76,236,0,0,815,2903,df_wo_demo_01
63,0,465,2433,688,135,465,2433,688,135,0,0,3121,600,df_wo_demo_01
63,1,443,2399,764,115,443,2399,764,115,0,0,3163,558,df_wo_demo_01
63,2,2692,716,68,245,2692,716,68,245,0,0,784,2937,df_wo_demo_01
64,0,512,2432,654,127,540,2621,465,99,0,0,3086,639,df_wo_demo_01
64,1,393,1946,1167,219,429,2137,976,183,0,0,3113,612,df_wo_demo_01
64,2,2694,761,62,208,2766,781,42,136,0,0,823,2902,df_wo_demo_01
65,0,507,2571,532,111,529,2693,410,89,0,0,3103,618,df_wo_demo_01
65,1,319,1591,1508,303,353,1723,1376,269,0,0,3099,622,df_wo_demo_01
65,2,2756,784,50,131,2802,802,32,85,0,0,834,2887,df_wo_demo_01
66,0,475,2544,592,111,493,2650,486,93,0,0,3136,586,df_wo_demo_01
66,1,367,1946,1188,221,395,2071,1063,193,0,0,3134,588,df_wo_demo_01
66,2,2743,768,39,172,2769,772,35,146,0,0,807,2915,df_wo_demo_01
67,0,518,2585,515,102,529,2650,450,91,0,0,3100,620,df_wo_demo_01
67,1,441,2279,831,169,462,2372,738,148,0,0,3110,610,df_wo_demo_01
67,2,2690,758,59,213,2736,771,46,167,0,0,817,2903,df_wo_demo_01
68,0,507,2387,702,124,526,2528,561,105,0,0,3089,631,df_wo_demo_01
68,1,427,2313,806,174,457,2464,655,144,0,0,3119,601,df_wo_demo_01
68,2,2667,773,60,220,2730,798,35,157,0,0,833,2887,df_wo_demo_01
69,0,447,2082,1000,196,489,2252,830,154,0,0,3082,643,df_wo_demo_01
69,1,373,1968,1174,210,417,2184,958,166,0,0,3142,583,df_wo_demo_01
69,2,2753,775,48,149,2805,791,32,97,0,0,823,2902,df_wo_demo_01
70,0,422,2174,927,189,457,2290,811,154,0,0,3101,611,df_wo_demo_01
70,1,321,1896,1238,257,335,2002,1132,243,0,0,3134,578,df_wo_demo_01
70,2,2787,778,30,117,2824,784,24,80,0,0,808,2904,df_wo_demo_01
71,0,487,2438,666,132,506,2539,565,113,0,0,3104,619,df_wo_demo_01
71,1,383,2092,1062,186,406,2214,940,163,0,0,3154,569,df_wo_demo_01
71,2,2694,751,56,222,2753,762,45,163,0,0,807,2916,df_wo_demo_01
72,0,558,2586,480,98,585,2693,373,71,0,0,3066,656,df_wo_demo_01
72,1,352,1857,1261,252,385,2056,1062,219,0,0,3118,604,df_wo_demo_01
72,2,2544,766,75,337,2646,800,41,235,0,0,841,2881,df_wo_demo_01
73,0,526,2574,529,94,544,2652,451,76,0,0,3103,620,df_wo_demo_01
73,1,436,2458,697,132,453,2540,615,115,0,0,3155,568,df_wo_demo_01
73,2,2680,727,73,243,2718,733,67,205,0,0,800,2923,df_wo_demo_01
74,0,540,2597,486,98,540,2597,486,98,0,0,3083,638,df_wo_demo_01
74,1,532,2834,300,55,532,2834,300,55,0,0,3134,587,df_wo_demo_01
74,2,2619,747,73,282,2619,747,73,282,0,0,820,2901,df_wo_demo_01
75,0,568,2843,258,51,596,2942,159,23,0,0,3101,619,df_wo_demo_01
75,1,418,2378,776,148,442,2564,590,124,0,0,3154,566,df_wo_demo_01
75,2,2611,704,92,313,2721,730,66,203,0,0,796,2924,df_wo_demo_01
76,0,495,2533,574,118,517,2653,454,96,0,0,3107,613,df_wo_demo_01
76,1,394,2229,921,176,430,2392,758,140,0,0,3150,570,df_wo_demo_01
76,2,2681,738,56,245,2764,754,40,162,0,0,794,2926,df_wo_demo_01
77,0,454,2396,720,152,481,2507,609,125,0,0,3116,606,df_wo_demo_01
77,1,375,2098,1047,202,404,2270,875,173,0,0,3145,577,df_wo_demo_01
77,2,2764,748,47,163,2808,761,34,119,0,0,795,2927,df_wo_demo_01
78,0,450,2288,821,165,481,2438,671,134,0,0,3109,615,df_wo_demo_01
78,1,399,2148,988,189,433,2364,772,155,0,0,3136,588,df_wo_demo_01
78,2,2739,778,44,163,2797,794,28,105,0,0,822,2902,df_wo_demo_01
79,0,488,2459,636,138,517,2626,469,109,0,0,3095,626,df_wo_demo_01
79,1,416,2214,902,189,444,2350,766,161,0,0,3116,605,df_wo_demo_01
79,2,2660,777,54,230,2714,794,37,176,0,0,831,2890,df_wo_demo_01
80,0,481,2506,611,123,501,2569,548,103,0,0,3117,604,df_wo_demo_01
80,1,443,2350,773,155,470,2446,677,128,0,0,3123,598,df_wo_demo_01
80,2,2681,747,49,244,2736,759,37,189,0,0,796,2925,df_wo_demo_01
81,0,471,2512,618,121,506,2653,477,86,0,0,3130,592,df_wo_demo_01
81,1,406,2201,944,171,448,2429,716,129,0,0,3145,577,df_wo_demo_01
81,2,2694,728,65,235,2778,741,52,151,0,0,793,2929,df_wo_demo_01
82,0,409,2328,788,192,461,2557,559,140,0,0,3116,601,df_wo_demo_01
82,1,358,1882,1240,237,402,2124,998,193,0,0,3122,595,df_wo_demo_01
82,2,2678,735,67,237,2773,762,40,142,0,0,802,2915,df_wo_demo_01
83,0,485,2443,663,130,485,2443,663,130,0,0,3106,615,df_wo_demo_01
83,1,412,2225,917,167,412,2225,917,167,0,0,3142,579,df_wo_demo_01
83,2,2705,730,67,219,2705,730,67,219,0,0,797,2924,df_wo_demo_01
84,0,488,2375,708,142,517,2523,560,113,0,0,3083,630,df_wo_demo_01
84,1,355,1764,1336,258,406,1957,1143,207,0,0,3100,613,df_wo_demo_01
84,2,2648,754,68,243,2722,773,49,169,0,0,822,2891,df_wo_demo_01
85,0,489,2377,710,143,515,2520,567,117,0,0,3087,632,df_wo_demo_01
85,1,318,1656,1451,294,349,1829,1278,263,0,0,3107,612,df_wo_demo_01
85,2,2794,785,41,99,2830,800,26,63,0,0,826,2893,df_wo_demo_01
86,0,469,2356,765,132,478,2432,689,123,0,0,3121,601,df_wo_demo_01
86,1,436,2312,825,149,450,2378,759,135,0,0,3137,585,df_wo_demo_01
86,2,2771,750,38,163,2794,756,32,140,0,0,788,2934,df_wo_demo_01
87,0,415,2311,827,175,439,2433,705,151,0,0,3138,590,df_wo_demo_01
87,1,368,2176,985,199,393,2312,849,174,0,0,3161,567,df_wo_demo_01
87,2,2789,733,47,159,2833,747,33,115,0,0,780,2948,df_wo_demo_01
88,0,484,2412,681,142,514,2506,587,112,0,0,3093,626,df_wo_demo_01
88,1,425,2355,784,155,451,2460,679,129,0,0,3139,580,df_wo_demo_01
88,2,2716,758,57,188,2757,771,44,147,0,0,815,2904,df_wo_demo_01
89,0,555,2730,374,66,555,2730,374,66,0,0,3104,621,df_wo_demo_01
89,1,408,2220,929,168,408,2220,929,168,0,0,3149,576,df_wo_demo_01
89,2,2710,736,63,216,2710,736,63,216,0,0,799,2926,df_wo_demo_01
90,0,532,2537,554,103,561,2710,381,74,0,0,3091,635,df_wo_demo_01
90,1,510,2683,464,69,527,2868,279,52,0,0,3147,579,df_wo_demo_01
90,2,2602,725,86,313,2701,759,52,214,0,0,811,2915,df_wo_demo_01
91,0,458,2311,810,149,487,2474,647,120,0,0,3121,607,df_wo_demo_01
91,1,413,2387,786,142,451,2596,577,104,0,0,3173,555,df_wo_demo_01
91,2,2731,722,63,212,2809,746,39,134,0,0,785,2943,df_wo_demo_01
92,0,458,2353,757,150,489,2489,621,119,0,0,3110,608,df_wo_demo_01
92,1,392,2084,1045,197,419,2205,924,170,0,0,3129,589,df_wo_demo_01
92,2,2748,768,44,158,2789,781,31,117,0,0,812,2906,df_wo_demo_01
93,0,471,2511,623,119,497,2671,463,93,0,0,3134,590,df_wo_demo_01
93,1,351,1983,1195,195,383,2172,1006,163,0,0,3178,546,df_wo_demo_01
93,2,2770,717,56,181,2812,730,43,139,0,0,773,2951,df_wo_demo_01
94,0,511,2502,587,123,536,2603,486,98,0,0,3089,634,df_wo_demo_01
94,1,369,1935,1184,235,401,2114,1005,203,0,0,3119,604,df_wo_demo_01
94,2,2705,779,46,193,2751,792,33,147,0,0,825,2898,df_wo_demo_01
95,0,503,2460,634,129,530,2587,507,102,0,0,3094,632,df_wo_demo_01
95,1,460,2246,878,142,484,2383,741,118,0,0,3124,602,df_wo_demo_01
95,2,2671,760,60,235,2734,784,36,172,0,0,820,2906,df_wo_demo_01
96,0,421,2348,777,179,441,2404,721,159,0,0,3125,600,df_wo_demo_01
96,1,395,2294,870,166,412,2389,775,149,0,0,3164,561,df_wo_demo_01
96,2,2790,736,45,154,2814,741,40,130,0,0,781,2944,df_wo_demo_01
97,0,495,2488,606,138,525,2610,484,108,0,0,3094,633,df_wo_demo_01
97,1,459,2371,763,134,479,2506,628,114,0,0,3134,593,df_wo_demo_01
97,2,2664,758,71,234,2707,777,52,191,0,0,829,2898,df_wo_demo_01
98,0,409,2054,1049,205,452,2273,830,162,0,0,3103,614,df_wo_demo_01
98,1,288,1524,1603,302,334,1724,1403,256,0,0,3127,590,df_wo_demo_01
98,2,2767,772,41,137,2825,788,25,79,0,0,813,2904,df_wo_demo_01
99,0,435,2221,880,185,461,2324,777,159,0,0,3101,620,df_wo_demo_01
99,1,310,1602,1529,280,346,1796,1335,244,0,0,3131,590,df_wo_demo_01
99,2,2704,748,61,208,2770,772,37,142,0,0,809,2912,df_wo_demo_01
0,0,350,1668,1409,299,434,2195,882,215,235,1095,1982,414,df_w_demo_01
0,1,369,1995,1167,195,444,2446,716,120,278,1502,1660,286,df_w_demo_01
0,2,2789,765,30,142,2860,783,12,71,2618,726,69,313,df_w_demo_01
1,0,438,2274,843,174,438,2274,843,174,0,0,3117,612,df_w_demo_01
1,1,423,2497,683,126,423,2497,683,126,0,0,3180,549,df_w_demo_01
1,2,2718,719,66,226,2718,719,66,226,0,0,785,2944,df_w_demo_01
2,0,393,2058,1067,201,416,2185,940,178,0,0,3125,594,df_w_demo_01
2,1,400,2285,889,145,426,2389,785,119,0,0,3174,545,df_w_demo_01
2,2,2732,721,52,214,2786,734,39,160,0,0,773,2946,df_w_demo_01
3,0,444,2078,1019,182,479,2290,807,147,0,0,3097,626,df_w_demo_01
3,1,419,2147,982,175,458,2336,793,136,0,0,3129,594,df_w_demo_01
3,2,2741,779,40,163,2797,794,25,107,0,0,819,2904,df_w_demo_01
4,0,454,2235,884,153,485,2441,678,122,271,1286,1833,336,df_w_demo_01
4,1,361,1936,1213,216,397,2126,1023,180,175,987,2162,402,df_w_demo_01
4,2,2812,755,31,128,2856,767,19,84,2410,637,149,530,df_w_demo_01
5,0,426,2231,888,178,426,2231,888,178,0,0,3119,604,df_w_demo_01
5,1,449,2258,860,156,449,2258,860,156,0,0,3118,605,df_w_demo_01
5,2,2742,777,43,161,2742,777,43,161,0,0,820,2903,df_w_demo_01
6,0,416,2263,866,177,464,2418,711,129,0,0,3129,593,df_w_demo_01
6,1,351,1878,1256,237,380,2060,1074,208,0,0,3134,588,df_w_demo_01
6,2,2790,735,40,157,2840,752,23,107,0,0,775,2947,df_w_demo_01
7,0,454,2390,746,130,485,2583,553,99,0,0,3136,584,df_w_demo_01
7,1,368,1975,1158,219,415,2217,916,172,0,0,3133,587,df_w_demo_01
7,2,2654,704,73,289,2756,725,52,187,0,0,777,2943,df_w_demo_01
8,0,383,2087,1043,211,383,2087,1043,211,0,0,3130,594,df_w_demo_01
8,1,412,2467,718,127,412,2467,718,127,0,0,3185,539,df_w_demo_01
8,2,2818,731,39,136,2818,731,39,136,0,0,770,2954,df_w_demo_01
9,0,403,2076,1045,198,430,2270,851,171,0,0,3121,601,df_w_demo_01
9,1,485,2625,525,87,513,2768,382,59,0,0,3150,572,df_w_demo_01
9,2,2690,736,63,233,2772,752,47,151,0,0,799,2923,df_w_demo_01
10,0,438,2117,990,172,470,2259,848,140,288,1429,1678,322,df_w_demo_01
10,1,420,2165,973,159,443,2294,844,136,277,1380,1758,302,df_w_demo_01
10,2,2781,759,47,130,2813,772,34,98,2481,682,124,430,df_w_demo_01
11,0,419,2327,801,173,434,2385,743,158,0,0,3128,592,df_w_demo_01
11,1,438,2492,677,113,449,2559,610,102,0,0,3169,551,df_w_demo_01
11,2,2768,735,40,177,2809,742,33,136,0,0,775,2945,df_w_demo_01
12,0,502,2381,708,125,520,2491,598,107,0,0,3089,627,df_w_demo_01
12,1,434,2211,892,179,456,2349,754,157,0,0,3103,613,df_w_demo_01
12,2,2680,775,61,200,2737,793,43,143,0,0,836,2880,df_w_demo_01
13,0,452,2223,875,178,486,2339,759,144,279,1408,1690,351,df_w_demo_01
13,1,344,1719,1397,268,369,1867,1249,243,205,1029,2087,407,df_w_demo_01
13,2,2784,794,33,117,2809,802,25,92,2541,720,107,360,df_w_demo_01
14,0,471,2460,671,110,492,2598,533,89,0,0,3131,581,df_w_demo_01
14,1,388,2219,939,166,425,2412,746,129,0,0,3158,554,df_w_demo_01
14,2,2714,700,68,230,2781,719,49,163,0,0,768,2944,df_w_demo_01
15,0,457,2322,768,175,503,2508,582,129,0,0,3090,632,df_w_demo_01
15,1,391,2163,977,191,418,2376,764,164,0,0,3140,582,df_w_demo_01
15,2,2686,761,56,219,2744,783,34,161,0,0,817,2905,df_w_demo_01
16,0,482,2471,663,106,498,2591,543,90,0,0,3134,588,df_w_demo_01
16,1,415,2317,835,155,433,2417,735,137,0,0,3152,570,df_w_demo_01
16,2,2730,715,70,207,2771,729,56,166,0,0,785,2937,df_w_demo_01
17,0,437,2161,928,193,465,2307,782,165,0,0,3089,630,df_w_demo_01
17,1,363,1963,1180,213,397,2146,997,179,0,0,3143,576,df_w_demo_01
17,2,2716,758,55,190,2771,773,40,135,0,0,813,2906,df_w_demo_01
18,0,373,2099,1035,211,412,2285,849,172,0,0,3134,584,df_w_demo_01
18,1,386,2256,913,163,430,2495,674,119,0,0,3169,549,df_w_demo_01
18,2,2799,717,46,156,2850,736,27,105,0,0,763,2955,df_w_demo_01
19,0,531,2641,466,84,552,2781,326,63,0,0,3107,615,df_w_demo_01
19,1,255,1558,1596,313,299,1808,1346,269,0,0,3154,568,df_w_demo_01
19,2,2715,733,60,214,2799,756,37,130,0,0,793,2929,df_w_demo_01
20,0,439,2207,899,176,461,2320,786,154,0,0,3106,615,df_w_demo_01
20,1,456,2462,676,127,479,2587,551,104,0,0,3138,583,df_w_demo_01
20,2,2672,769,42,238,2706,777,34,204,0,0,811,2910,df_w_demo_01
21,0,498,2490,603,128,510,2565,528,116,0,0,3093,626,df_w_demo_01
21,1,376,2036,1098,209,395,2147,987,190,0,0,3134,585,df_w_demo_01
21,2,2690,754,53,222,2743,763,44,169,0,0,807,2912,df_w_demo_01
22,0,539,2656,448,79,539,2656,448,79,0,0,3104,618,df_w_demo_01
22,1,288,1364,1741,329,288,1364,1741,329,0,0,3105,617,df_w_demo_01
22,2,2776,814,17,115,2776,814,17,115,0,0,831,2891,df_w_demo_01
23,0,417,2236,881,197,439,2333,784,175,139,802,2315,475,df_w_demo_01
23,1,459,2502,643,127,474,2575,570,112,199,1078,2067,387,df_w_demo_01
23,2,2788,748,46,149,2816,754,40,121,1949,559,235,988,df_w_demo_01
24,0,457,2296,800,170,473,2373,723,154,0,0,3096,627,df_w_demo_01
24,1,430,2172,954,167,441,2275,851,156,0,0,3126,597,df_w_demo_01
24,2,2744,781,47,151,2770,790,38,125,0,0,828,2895,df_w_demo_01
25,0,403,2113,993,215,445,2286,820,173,303,1583,1523,315,df_w_demo_01
25,1,300,1557,1573,294,330,1739,1391,264,204,1062,2068,390,df_w_demo_01
25,2,2831,790,23,80,2846,796,17,65,2734,761,52,177,df_w_demo_01
26,0,464,2223,849,185,489,2335,737,160,0,0,3072,649,df_w_demo_01
26,1,487,2408,687,139,514,2536,559,112,0,0,3095,626,df_w_demo_01
26,2,2702,786,45,188,2739,793,38,151,0,0,831,2890,df_w_demo_01
27,0,438,2354,771,158,465,2479,646,131,0,0,3125,596,df_w_demo_01
27,1,398,2285,878,160,418,2450,713,140,0,0,3163,558,df_w_demo_01
27,2,2738,708,53,222,2794,719,42,166,0,0,761,2960,df_w_demo_01
28,0,399,1921,1164,237,432,2017,1068,204,187,853,2232,449,df_w_demo_01
28,1,441,2291,851,138,457,2370,772,122,211,1155,1987,368,df_w_demo_01
28,2,2794,779,26,122,2814,783,22,102,2259,621,184,657,df_w_demo_01
29,0,388,2160,978,201,420,2276,862,169,0,0,3138,589,df_w_demo_01
29,1,496,2574,555,102,517,2649,480,81,0,0,3129,598,df_w_demo_01
29,2,2737,737,59,194,2791,751,45,140,0,0,796,2931,df_w_demo_01
30,0,374,2077,1063,210,411,2267,873,173,254,1382,1758,330,df_w_demo_01
30,1,319,1881,1300,224,354,2097,1084,189,204,1272,1909,339,df_w_demo_01
30,2,2873,730,26,95,2912,740,16,56,2629,666,90,339,df_w_demo_01
31,0,380,1943,1175,230,409,2082,1036,201,331,1657,1461,279,df_w_demo_01
31,1,326,1637,1517,248,356,1773,1381,218,270,1326,1828,304,df_w_demo_01
31,2,2861,782,19,66,2873,786,15,54,2829,775,26,98,df_w_demo_01
32,0,456,2260,841,167,472,2338,763,151,0,0,3101,623,df_w_demo_01
32,1,424,2238,886,176,448,2346,778,152,0,0,3124,600,df_w_demo_01
32,2,2727,779,44,174,2766,782,41,135,0,0,823,2901,df_w_demo_01
33,0,434,2339,785,164,479,2515,609,119,0,0,3124,598,df_w_demo_01
33,1,249,1416,1733,324,280,1617,1532,293,0,0,3149,573,df_w_demo_01
33,2,2787,739,43,153,2853,756,26,87,0,0,782,2940,df_w_demo_01
34,0,510,2676,437,99,510,2676,437,99,0,0,3113,609,df_w_demo_01
34,1,411,2083,1065,163,411,2083,1065,163,0,0,3148,574,df_w_demo_01
34,2,2713,763,46,200,2713,763,46,200,0,0,809,2913,df_w_demo_01
35,0,369,1947,1182,231,430,2295,834,170,224,1192,1937,376,df_w_demo_01
35,1,375,2051,1089,214,425,2338,802,164,251,1401,1739,338,df_w_demo_01
35,2,2805,773,38,113,2847,783,28,71,2640,732,79,278,df_w_demo_01
36,0,392,2003,1087,241,441,2238,852,192,255,1255,1835,378,df_w_demo_01
36,1,347,1779,1336,261,405,2039,1076,203,213,1091,2024,395,df_w_demo_01
36,2,2755,807,30,131,2799,819,18,87,2511,728,109,375,df_w_demo_01
37,0,455,2432,672,156,479,2541,563,132,0,0,3104,611,df_w_demo_01
37,1,345,1990,1145,235,372,2187,948,208,0,0,3135,580,df_w_demo_01
37,2,2703,770,41,201,2784,788,23,120,0,0,811,2904,df_w_demo_01
38,0,518,2675,445,86,546,2822,298,58,0,0,3120,604,df_w_demo_01
38,1,160,798,2348,418,209,1099,2047,369,0,0,3146,578,df_w_demo_01
38,2,2853,759,23,89,2893,771,11,49,0,0,782,2942,df_w_demo_01
39,0,521,2458,630,120,544,2576,512,97,0,0,3088,641,df_w_demo_01
39,1,399,1992,1133,205,428,2117,1008,176,0,0,3125,604,df_w_demo_01
39,2,2757,781,49,142,2789,787,43,110,0,0,830,2899,df_w_demo_01
40,0,402,1916,1175,224,444,2150,941,182,0,0,3091,626,df_w_demo_01
40,1,379,1865,1249,224,423,2109,1005,180,0,0,3114,603,df_w_demo_01
40,2,2678,755,61,223,2784,780,36,117,0,0,816,2901,df_w_demo_01
41,0,511,2667,472,66,525,2749,390,52,0,0,3139,577,df_w_demo_01
41,1,440,2444,724,108,448,2509,659,100,0,0,3168,548,df_w_demo_01
41,2,2734,703,54,225,2770,713,44,189,0,0,757,2959,df_w_demo_01
42,0,492,2350,739,148,520,2469,620,120,0,0,3089,640,df_w_demo_01
42,1,371,1919,1206,233,393,2076,1049,211,0,0,3125,604,df_w_demo_01
42,2,2776,782,41,130,2810,789,34,96,0,0,823,2906,df_w_demo_01
43,0,479,2496,623,125,491,2561,558,113,0,0,3119,604,df_w_demo_01
43,1,401,2274,877,171,410,2331,820,162,0,0,3151,572,df_w_demo_01
43,2,2706,693,80,244,2750,711,62,200,0,0,773,2950,df_w_demo_01
44,0,449,2257,857,161,449,2257,857,161,0,0,3114,610,df_w_demo_01
44,1,420,2195,935,174,420,2195,935,174,0,0,3130,594,df_w_demo_01
44,2,2719,758,59,188,2719,758,59,188,0,0,817,2907,df_w_demo_01
45,0,388,2107,1024,204,388,2107,1024,204,0,0,3131,592,df_w_demo_01
45,1,478,2530,611,104,478,2530,611,104,0,0,3141,582,df_w_demo_01
45,2,2782,740,49,152,2782,740,49,152,0,0,789,2934,df_w_demo_01
46,0,462,2344,777,143,488,2528,593,117,0,0,3121,605,df_w_demo_01
46,1,337,1806,1338,245,379,2023,1121,203,0,0,3144,582,df_w_demo_01
46,2,2816,777,29,104,2871,788,18,49,0,0,806,2920,df_w_demo_01
47,0,448,2456,682,133,462,2541,597,119,0,0,3138,581,df_w_demo_01
47,1,391,2313,862,153,411,2407,768,133,0,0,3175,544,df_w_demo_01
47,2,2803,709,47,160,2835,718,38,128,0,0,756,2963,df_w_demo_01
48,0,389,1825,1239,269,425,1975,1089,233,0,0,3064,658,df_w_demo_01
48,1,485,2541,592,104,506,2688,445,83,0,0,3133,589,df_w_demo_01
48,2,2716,780,50,176,2795,801,29,97,0,0,830,2892,df_w_demo_01
49,0,431,2239,888,166,453,2380,747,144,0,0,3127,597,df_w_demo_01
49,1,434,2333,813,144,467,2463,683,111,0,0,3146,578,df_w_demo_01
49,2,2713,735,55,221,2750,744,46,184,0,0,790,2934,df_w_demo_01
50,0,431,2296,821,170,457,2457,660,144,0,0,3117,601,df_w_demo_01
50,1,433,2353,799,133,453,2473,679,113,0,0,3152,566,df_w_demo_01
50,2,2755,736,56,171,2804,750,42,122,0,0,792,2926,df_w_demo_01
51,0,390,1954,1154,224,390,1954,1154,224,0,0,3108,614,df_w_demo_01
51,1,437,2332,807,146,437,2332,807,146,0,0,3139,583,df_w_demo_01
51,2,2771,757,51,143,2771,757,51,143,0,0,808,2914,df_w_demo_01
52,0,460,2274,809,170,493,2417,666,137,0,0,3083,630,df_w_demo_01
52,1,367,2077,1065,204,401,2247,895,170,0,0,3142,571,df_w_demo_01
52,2,2704,754,58,197,2762,770,42,139,0,0,812,2901,df_w_demo_01
53,0,473,2268,834,145,515,2496,606,103,0,0,3102,618,df_w_demo_01
53,1,304,1685,1443,288,364,1935,1193,228,0,0,3128,592,df_w_demo_01
53,2,2733,760,53,174,2782,778,35,125,0,0,813,2907,df_w_demo_01
54,0,559,2789,317,58,584,2919,187,33,0,0,3106,617,df_w_demo_01
54,1,386,2082,1061,194,408,2215,928,172,0,0,3143,580,df_w_demo_01
54,2,2636,716,87,284,2723,740,63,197,0,0,803,2920,df_w_demo_01
55,0,551,2633,475,74,571,2762,346,54,0,0,3108,625,df_w_demo_01
55,1,364,1900,1229,240,404,2093,1036,200,0,0,3129,604,df_w_demo_01
55,2,2682,730,83,238,2753,749,64,167,0,0,813,2920,df_w_demo_01
56,0,410,1986,1096,230,433,2119,963,207,292,1379,1703,348,df_w_demo_01
56,1,330,1739,1389,264,356,1887,1241,238,202,1065,2063,392,df_w_demo_01
56,2,2773,803,26,120,2816,812,17,77,2453,713,116,440,df_w_demo_01
57,0,470,2331,790,132,493,2434,687,109,0,0,3121,602,df_w_demo_01
57,1,369,1957,1175,222,394,2104,1028,197,0,0,3132,591,df_w_demo_01
57,2,2757,751,50,165,2815,766,35,107,0,0,801,2922,df_w_demo_01
58,0,448,2259,843,167,467,2349,753,148,0,0,3102,615,df_w_demo_01
58,1,447,2476,660,134,475,2611,525,106,0,0,3136,581,df_w_demo_01
58,2,2695,710,81,231,2759,728,63,167,0,0,791,2926,df_w_demo_01
59,0,398,2045,1074,212,430,2204,915,180,269,1361,1758,341,df_w_demo_01
59,1,374,2095,1066,194,405,2295,866,163,222,1185,1976,346,df_w_demo_01
59,2,2789,740,53,147,2830,751,42,106,2590,686,107,346,df_w_demo_01
60,0,513,2620,489,97,541,2790,319,69,0,0,3109,610,df_w_demo_01
60,1,322,1592,1516,289,385,1875,1233,226,0,0,3108,611,df_w_demo_01
60,2,2741,767,40,171,2791,781,26,121,0,0,807,2912,df_w_demo_01
61,0,343,1772,1315,293,390,2028,1059,246,258,1289,1798,378,df_w_demo_01
61,1,384,2081,1064,194,433,2301,844,145,283,1543,1602,295,df_w_demo_01
61,2,2840,796,22,65,2859,804,14,46,2740,773,45,165,df_w_demo_01
62,0,526,2541,540,111,565,2756,325,72,0,0,3081,637,df_w_demo_01
62,1,366,1898,1238,216,425,2205,931,157,0,0,3136,582,df_w_demo_01
62,2,2617,733,82,286,2733,767,48,170,0,0,815,2903,df_w_demo_01
63,0,408,2222,899,192,438,2362,759,162,0,0,3121,600,df_w_demo_01
63,1,417,2363,800,141,453,2529,634,105,0,0,3163,558,df_w_demo_01
63,2,2729,718,66,208,2816,747,37,121,0,0,784,2937,df_w_demo_01
64,0,492,2281,805,147,512,2386,700,127,0,0,3086,639,df_w_demo_01
64,1,445,2236,877,167,464,2343,770,148,0,0,3113,612,df_w_demo_01
64,2,2736,772,51,166,2768,778,45,134,0,0,823,2902,df_w_demo_01
65,0,516,2632,471,102,533,2715,388,85,297,1572,1531,321,df_w_demo_01
65,1,311,1585,1514,311,340,1732,1367,282,119,662,2437,503,df_w_demo_01
65,2,2741,781,53,146,2764,792,42,123,2336,657,177,551,df_w_demo_01
66,0,458,2373,763,128,474,2481,655,112,250,1286,1850,336,df_w_demo_01
66,1,375,2001,1133,213,395,2115,1019,193,216,1163,1971,372,df_w_demo_01
66,2,2798,774,33,117,2815,780,27,100,2503,693,114,412,df_w_demo_01
67,0,478,2318,782,142,498,2438,662,122,0,0,3100,620,df_w_demo_01
67,1,446,2295,815,164,473,2431,679,137,0,0,3110,610,df_w_demo_01
67,2,2714,756,61,189,2770,769,48,133,0,0,817,2903,df_w_demo_01
68,0,456,2223,866,175,491,2402,687,140,0,0,3089,631,df_w_demo_01
68,1,435,2347,772,166,471,2497,622,130,0,0,3119,601,df_w_demo_01
68,2,2651,761,72,236,2710,791,42,177,0,0,833,2887,df_w_demo_01
69,0,407,1941,1141,236,443,2095,987,200,278,1355,1727,365,df_w_demo_01
69,1,336,1801,1341,247,384,2046,1096,199,217,1080,2062,366,df_w_demo_01
69,2,2775,788,35,127,2829,798,25,73,2470,708,115,432,df_w_demo_01
70,0,393,1910,1191,218,428,2150,951,183,303,1372,1729,308,df_w_demo_01
70,1,302,1786,1348,276,339,1960,1174,239,241,1403,1731,337,df_w_demo_01
70,2,2833,777,31,71,2864,795,13,40,2693,729,79,211,df_w_demo_01
71,0,469,2359,745,150,496,2520,584,123,0,0,3104,619,df_w_demo_01
71,1,375,2093,1061,194,421,2315,839,148,0,0,3154,569,df_w_demo_01
71,2,2713,769,38,203,2794,782,25,122,0,0,807,2916,df_w_demo_01
72,0,522,2365,701,134,548,2510,556,108,0,0,3066,656,df_w_demo_01
72,1,363,1986,1132,241,399,2151,967,205,0,0,3118,604,df_w_demo_01
72,2,2639,771,70,242,2709,794,47,172,0,0,841,2881,df_w_demo_01
73,0,448,2261,842,172,479,2385,718,141,0,0,3103,620,df_w_demo_01
73,1,401,2278,877,167,426,2406,749,142,0,0,3155,568,df_w_demo_01
73,2,2739,736,64,184,2793,753,47,130,0,0,800,2923,df_w_demo_01
74,0,398,1904,1179,240,452,2142,941,186,0,0,3083,638,df_w_demo_01
74,1,479,2553,581,108,504,2699,435,83,0,0,3134,587,df_w_demo_01
74,2,2628,763,57,273,2717,789,31,184,0,0,820,2901,df_w_demo_01
75,0,495,2340,761,124,523,2547,554,96,0,0,3101,619,df_w_demo_01
75,1,383,2080,1074,183,425,2309,845,141,0,0,3154,566,df_w_demo_01
75,2,2694,733,63,230,2774,757,39,150,0,0,796,2924,df_w_demo_01
76,0,418,2129,978,195,447,2302,805,166,0,0,3107,613,df_w_demo_01
76,1,247,1564,1586,323,290,1785,1365,280,0,0,3150,570,df_w_demo_01
76,2,2842,778,16,84,2875,783,11,51,0,0,794,2926,df_w_demo_01
77,0,397,2069,1047,209,425,2216,900,181,0,0,3116,606,df_w_demo_01
77,1,479,2599,546,98,506,2727,418,71,0,0,3145,577,df_w_demo_01
77,2,2743,743,52,184,2779,753,42,148,0,0,795,2927,df_w_demo_01
78,0,447,2293,816,168,482,2451,658,133,0,0,3109,615,df_w_demo_01
78,1,414,2221,915,174,440,2373,763,148,0,0,3136,588,df_w_demo_01
78,2,2723,784,38,179,2789,798,24,113,0,0,822,2902,df_w_demo_01
79,0,489,2396,699,137,523,2525,570,103,0,0,3095,626,df_w_demo_01
79,1,391,2034,1082,214,419,2157,959,186,0,0,3116,605,df_w_demo_01
79,2,2718,798,33,172,2755,808,23,135,0,0,831,2890,df_w_demo_01
80,0,413,2194,923,191,459,2380,737,145,0,0,3117,604,df_w_demo_01
80,1,414,2216,907,184,446,2387,736,152,0,0,3123,598,df_w_demo_01
80,2,2751,756,40,174,2812,770,26,113,0,0,796,2925,df_w_demo_01
81,0,455,2347,783,137,486,2556,574,106,214,1088,2042,378,df_w_demo_01
81,1,380,2048,1097,197,415,2265,880,162,178,921,2224,399,df_w_demo_01
81,2,2765,742,51,164,2808,757,36,121,2191,560,233,738,df_w_demo_01
82,0,441,2413,703,160,458,2506,610,143,0,0,3116,601,df_w_demo_01
82,1,403,2209,913,192,421,2306,816,174,0,0,3122,595,df_w_demo_01
82,2,2729,742,60,186,2774,756,46,141,0,0,802,2915,df_w_demo_01
83,0,357,1713,1393,258,410,1964,1142,205,0,0,3106,615,df_w_demo_01
83,1,391,2128,1014,188,430,2323,819,149,0,0,3142,579,df_w_demo_01
83,2,2731,747,50,193,2798,763,34,126,0,0,797,2924,df_w_demo_01
84,0,510,2404,679,120,527,2531,552,103,0,0,3083,630,df_w_demo_01
84,1,400,1936,1164,213,434,2116,984,179,0,0,3100,613,df_w_demo_01
84,2,2715,769,53,176,2770,784,38,121,0,0,822,2891,df_w_demo_01
85,0,476,2347,740,156,505,2501,586,127,0,0,3087,632,df_w_demo_01
85,1,358,1940,1167,254,392,2079,1028,220,0,0,3107,612,df_w_demo_01
85,2,2715,767,59,178,2760,780,46,133,0,0,826,2893,df_w_demo_01
86,0,452,2331,790,149,475,2488,633,126,0,0,3121,601,df_w_demo_01
86,1,465,2538,599,120,480,2641,496,105,0,0,3137,585,df_w_demo_01
86,2,2692,731,57,242,2746,751,37,188,0,0,788,2934,df_w_demo_01
87,0,429,2417,721,161,448,2498,640,142,0,0,3138,590,df_w_demo_01
87,1,400,2207,954,167,414,2267,894,153,0,0,3161,567,df_w_demo_01
87,2,2773,727,53,175,2804,733,47,144,0,0,780,2948,df_w_demo_01
88,0,457,2190,903,169,493,2405,688,133,294,1435,1658,332,df_w_demo_01
88,1,367,2083,1056,213,399,2277,862,181,237,1283,1856,343,df_w_demo_01
88,2,2726,773,42,178,2784,783,32,120,2414,671,144,490,df_w_demo_01
89,0,532,2673,431,89,563,2801,303,58,0,0,3104,621,df_w_demo_01
89,1,361,2036,1113,215,398,2194,955,178,0,0,3149,576,df_w_demo_01
89,2,2692,748,51,234,2760,770,29,166,0,0,799,2926,df_w_demo_01
90,0,490,2283,808,145,529,2504,587,106,0,0,3091,635,df_w_demo_01
90,1,473,2488,659,106,514,2693,454,65,0,0,3147,579,df_w_demo_01
90,2,2635,734,77,280,2715,756,55,200,0,0,811,2915,df_w_demo_01
91,0,453,2389,732,154,472,2469,652,135,0,0,3121,607,df_w_demo_01
91,1,387,2195,978,168,408,2305,868,147,0,0,3173,555,df_w_demo_01
91,2,2753,734,51,190,2795,745,40,148,0,0,785,2943,df_w_demo_01
92,0,408,2086,1024,200,423,2175,935,185,265,1415,1695,343,df_w_demo_01
92,1,358,1858,1271,231,386,1988,1141,203,196,1035,2094,393,df_w_demo_01
92,2,2758,778,34,148,2807,789,23,99,2275,617,195,631,df_w_demo_01
93,0,432,2295,839,158,468,2448,686,122,0,0,3134,590,df_w_demo_01
93,1,325,1811,1367,221,363,2013,1165,183,0,0,3178,546,df_w_demo_01
93,2,2784,726,47,167,2835,740,33,116,0,0,773,2951,df_w_demo_01
94,0,438,2110,979,196,494,2360,729,140,344,1652,1437,290,df_w_demo_01
94,1,308,1595,1524,296,366,1914,1205,238,206,1132,1987,398,df_w_demo_01
94,2,2779,797,28,119,2827,809,16,71,2645,758,67,253,df_w_demo_01
95,0,494,2302,792,138,518,2446,648,114,0,0,3094,632,df_w_demo_01
95,1,265,1379,1745,337,322,1672,1452,280,0,0,3124,602,df_w_demo_01
95,2,2757,775,45,149,2810,791,29,96,0,0,820,2906,df_w_demo_01
96,0,484,2543,582,116,500,2628,497,100,0,0,3125,600,df_w_demo_01
96,1,368,2058,1106,193,383,2137,1027,178,0,0,3164,561,df_w_demo_01
96,2,2747,727,54,197,2777,737,44,167,0,0,781,2944,df_w_demo_01
97,0,415,2146,948,218,486,2449,645,147,0,0,3094,633,df_w_demo_01
97,1,355,1861,1273,238,400,2121,1013,193,0,0,3134,593,df_w_demo_01
97,2,2737,780,49,161,2827,804,25,71,0,0,829,2898,df_w_demo_01
98,0,456,2366,737,158,482,2505,598,132,334,1741,1362,280,df_w_demo_01
98,1,284,1488,1639,306,341,1715,1412,249,154,824,2303,436,df_w_demo_01
98,2,2807,794,19,97,2837,800,13,67,2626,736,77,278,df_w_demo_01
99,0,453,2281,820,167,483,2367,734,137,0,0,3101,620,df_w_demo_01
99,1,355,1774,1357,235,399,2022,1109,191,0,0,3131,590,df_w_demo_01
99,2,2712,745,64,200,2772,763,46,140,0,0,809,2912,df_w_demo_01