run,recall_alpha_0.1,recall_alpha_0.25,name
0.0,0.894524959742351,0.7440955448201825,df_recall_cc_w_demo_ip
1.0,0.8946098149637972,0.7440332528828104,df_recall_cc_w_demo_ip
2.0,0.8943264318365152,0.7441516536703415,df_recall_cc_w_demo_ip
3.0,0.8944399677679291,0.7444265377383831,df_recall_cc_w_demo_ip
4.0,0.894524959742351,0.7440955448201825,df_recall_cc_w_demo_ip
5.0,0.8944399677679291,0.7444265377383831,df_recall_cc_w_demo_ip
6.0,0.8944116066630844,0.7443578721117678,df_recall_cc_w_demo_ip
7.0,0.8943548387096775,0.7442204301075269,df_recall_cc_w_demo_ip
8.0,0.894468313641246,0.7442266380236305,df_recall_cc_w_demo_ip
9.0,0.8944116066630844,0.7443578721117678,df_recall_cc_w_demo_ip
10.0,0.8942695722356739,0.7440139897767016,df_recall_cc_w_demo_ip
11.0,0.8943548387096775,0.7442204301075269,df_recall_cc_w_demo_ip
12.0,0.8942411194833154,0.7439451022604952,df_recall_cc_w_demo_ip
13.0,0.8945815450643777,0.7439645922746781,df_recall_cc_w_demo_ip
14.0,0.8943965517241379,0.7439385775862069,df_recall_cc_w_demo_ip
15.0,0.8944116066630844,0.7443578721117678,df_recall_cc_w_demo_ip
16.0,0.8944116066630844,0.7443578721117678,df_recall_cc_w_demo_ip
17.0,0.8943264318365152,0.7441516536703415,df_recall_cc_w_demo_ip
18.0,0.8942980096826251,0.7440828402366864,df_recall_cc_w_demo_ip
19.0,0.8944116066630844,0.7443578721117678,df_recall_cc_w_demo_ip
20.0,0.8943832303144316,0.7442891695780705,df_recall_cc_w_demo_ip
21.0,0.8943264318365152,0.7441516536703415,df_recall_cc_w_demo_ip
22.0,0.8944116066630844,0.7443578721117678,df_recall_cc_w_demo_ip
23.0,0.8946663093004557,0.7439024390243902,df_recall_cc_w_demo_ip
24.0,0.8944399677679291,0.7444265377383831,df_recall_cc_w_demo_ip
25.0,0.894468313641246,0.7442266380236305,df_recall_cc_w_demo_ip
26.0,0.8943832303144316,0.7442891695780705,df_recall_cc_w_demo_ip
27.0,0.8943832303144316,0.7442891695780705,df_recall_cc_w_demo_ip
28.0,0.8943832303144316,0.7442891695780705,df_recall_cc_w_demo_ip
29.0,0.8945532599946338,0.7438958948215723,df_recall_cc_w_demo_ip
30.0,0.894468313641246,0.7442266380236305,df_recall_cc_w_demo_ip
31.0,0.8945815450643777,0.7439645922746781,df_recall_cc_w_demo_ip
32.0,0.894468313641246,0.7442266380236305,df_recall_cc_w_demo_ip
33.0,0.8944116066630844,0.7443578721117678,df_recall_cc_w_demo_ip
34.0,0.8944116066630844,0.7443578721117678,df_recall_cc_w_demo_ip
35.0,0.8946098149637972,0.7440332528828104,df_recall_cc_w_demo_ip
36.0,0.8944399677679291,0.7444265377383831,df_recall_cc_w_demo_ip
37.0,0.8944818304172275,0.7441453566621804,df_recall_cc_w_demo_ip
38.0,0.894468313641246,0.7442266380236305,df_recall_cc_w_demo_ip
39.0,0.8946098149637972,0.7440332528828104,df_recall_cc_w_demo_ip
40.0,0.8942695722356739,0.7440139897767016,df_recall_cc_w_demo_ip
41.0,0.8942411194833154,0.7439451022604952,df_recall_cc_w_demo_ip
42.0,0.8946098149637972,0.7440332528828104,df_recall_cc_w_demo_ip
43.0,0.8944399677679291,0.7444265377383831,df_recall_cc_w_demo_ip
44.0,0.894468313641246,0.7442266380236305,df_recall_cc_w_demo_ip
45.0,0.8944399677679291,0.7444265377383831,df_recall_cc_w_demo_ip
46.0,0.894524959742351,0.7440955448201825,df_recall_cc_w_demo_ip
47.0,0.8943264318365152,0.7441516536703415,df_recall_cc_w_demo_ip
48.0,0.8944116066630844,0.7443578721117678,df_recall_cc_w_demo_ip
49.0,0.894468313641246,0.7442266380236305,df_recall_cc_w_demo_ip
50.0,0.8942980096826251,0.7440828402366864,df_recall_cc_w_demo_ip
51.0,0.8944116066630844,0.7443578721117678,df_recall_cc_w_demo_ip
52.0,0.8944249932669001,0.7440075410719095,df_recall_cc_w_demo_ip
53.0,0.8943548387096775,0.7442204301075269,df_recall_cc_w_demo_ip
54.0,0.8944399677679291,0.7444265377383831,df_recall_cc_w_demo_ip
55.0,0.8945888025716582,0.7439057058665952,df_recall_cc_w_demo_ip
56.0,0.8944116066630844,0.7443578721117678,df_recall_cc_w_demo_ip
57.0,0.8944399677679291,0.7444265377383831,df_recall_cc_w_demo_ip
58.0,0.8942695722356739,0.7440139897767016,df_recall_cc_w_demo_ip
59.0,0.8946098149637972,0.7440332528828104,df_recall_cc_w_demo_ip
60.0,0.8943264318365152,0.7441516536703415,df_recall_cc_w_demo_ip
61.0,0.8944399677679291,0.7444265377383831,df_recall_cc_w_demo_ip
62.0,0.8942980096826251,0.7440828402366864,df_recall_cc_w_demo_ip
63.0,0.8943832303144316,0.7442891695780705,df_recall_cc_w_demo_ip
64.0,0.8944966442953021,0.7440268456375839,df_recall_cc_w_demo_ip
65.0,0.8943832303144316,0.7442891695780705,df_recall_cc_w_demo_ip
66.0,0.8944116066630844,0.7443578721117678,df_recall_cc_w_demo_ip
67.0,0.8943548387096775,0.7442204301075269,df_recall_cc_w_demo_ip
68.0,0.8943548387096775,0.7442204301075269,df_recall_cc_w_demo_ip
69.0,0.8944966442953021,0.7440268456375839,df_recall_cc_w_demo_ip
70.0,0.8943965517241379,0.7439385775862069,df_recall_cc_w_demo_ip
71.0,0.8944399677679291,0.7444265377383831,df_recall_cc_w_demo_ip
72.0,0.8944116066630844,0.7443578721117678,df_recall_cc_w_demo_ip
73.0,0.8944399677679291,0.7444265377383831,df_recall_cc_w_demo_ip
74.0,0.8943832303144316,0.7442891695780705,df_recall_cc_w_demo_ip
75.0,0.8943548387096775,0.7442204301075269,df_recall_cc_w_demo_ip
76.0,0.8943548387096775,0.7442204301075269,df_recall_cc_w_demo_ip
77.0,0.8944116066630844,0.7443578721117678,df_recall_cc_w_demo_ip
78.0,0.894468313641246,0.7442266380236305,df_recall_cc_w_demo_ip
79.0,0.8943832303144316,0.7442891695780705,df_recall_cc_w_demo_ip
80.0,0.8943832303144316,0.7442891695780705,df_recall_cc_w_demo_ip
81.0,0.8944116066630844,0.7443578721117678,df_recall_cc_w_demo_ip
82.0,0.8942695722356739,0.7440139897767016,df_recall_cc_w_demo_ip
83.0,0.8943832303144316,0.7442891695780705,df_recall_cc_w_demo_ip
84.0,0.8944249932669001,0.7440075410719095,df_recall_cc_w_demo_ip
85.0,0.8943264318365152,0.7441516536703415,df_recall_cc_w_demo_ip
86.0,0.8944116066630844,0.7443578721117678,df_recall_cc_w_demo_ip
87.0,0.8945815450643777,0.7439645922746781,df_recall_cc_w_demo_ip
88.0,0.8943264318365152,0.7441516536703415,df_recall_cc_w_demo_ip
89.0,0.8944966442953021,0.7440268456375839,df_recall_cc_w_demo_ip
90.0,0.894524959742351,0.7440955448201825,df_recall_cc_w_demo_ip
91.0,0.8945815450643777,0.7439645922746781,df_recall_cc_w_demo_ip
92.0,0.8942980096826251,0.7440828402366864,df_recall_cc_w_demo_ip
93.0,0.894468313641246,0.7442266380236305,df_recall_cc_w_demo_ip
94.0,0.8944399677679291,0.7444265377383831,df_recall_cc_w_demo_ip
95.0,0.894524959742351,0.7440955448201825,df_recall_cc_w_demo_ip
96.0,0.8944966442953021,0.7440268456375839,df_recall_cc_w_demo_ip
97.0,0.8945532599946338,0.7438958948215723,df_recall_cc_w_demo_ip
98.0,0.8942695722356739,0.7440139897767016,df_recall_cc_w_demo_ip
99.0,0.8943832303144316,0.7442891695780705,df_recall_cc_w_demo_ip
0.0,0.9015029522275899,0.7482555018786903,df_recall_cc_wo_demo_ip
1.0,0.9015821936175918,0.7481898632341111,df_recall_cc_wo_demo_ip
2.0,0.9015864479698844,0.7491261091691315,df_recall_cc_wo_demo_ip
3.0,0.9014235831318829,0.7485898468976632,df_recall_cc_wo_demo_ip
4.0,0.9015029522275899,0.7482555018786903,df_recall_cc_wo_demo_ip
5.0,0.9014235831318829,0.7485898468976632,df_recall_cc_wo_demo_ip
6.0,0.9013970983342289,0.7485222998387964,df_recall_cc_wo_demo_ip
7.0,0.9016129032258065,0.7489247311827957,df_recall_cc_wo_demo_ip
8.0,0.9014500537056928,0.7483888292158969,df_recall_cc_wo_demo_ip
9.0,0.9013970983342289,0.7485222998387964,df_recall_cc_wo_demo_ip
10.0,0.9016680118375033,0.7491256389561475,df_recall_cc_wo_demo_ip
11.0,0.9016129032258065,0.7489247311827957,df_recall_cc_wo_demo_ip
12.0,0.9016415500538213,0.7490581270182992,df_recall_cc_wo_demo_ip
13.0,0.9015557939914163,0.7481223175965666,df_recall_cc_wo_demo_ip
14.0,0.9016702586206896,0.7489224137931034,df_recall_cc_wo_demo_ip
15.0,0.9013970983342289,0.7485222998387964,df_recall_cc_wo_demo_ip
16.0,0.9013970983342289,0.7485222998387964,df_recall_cc_wo_demo_ip
17.0,0.9015864479698844,0.7491261091691315,df_recall_cc_wo_demo_ip
18.0,0.9016944593867671,0.74919311457773,df_recall_cc_wo_demo_ip
19.0,0.9013970983342289,0.7485222998387964,df_recall_cc_wo_demo_ip
20.0,0.9013705993012631,0.748723461435098,df_recall_cc_wo_demo_ip
21.0,0.9015864479698844,0.7491261091691315,df_recall_cc_wo_demo_ip
22.0,0.9013970983342289,0.7485222998387964,df_recall_cc_wo_demo_ip
23.0,0.9013669257571697,0.7480568212275529,df_recall_cc_wo_demo_ip
24.0,0.9014235831318829,0.7485898468976632,df_recall_cc_wo_demo_ip
25.0,0.9014500537056928,0.7483888292158969,df_recall_cc_wo_demo_ip
26.0,0.9013705993012631,0.748723461435098,df_recall_cc_wo_demo_ip
27.0,0.9013705993012631,0.748723461435098,df_recall_cc_wo_demo_ip
28.0,0.9013705993012631,0.748723461435098,df_recall_cc_wo_demo_ip
29.0,0.9015293801985511,0.7480547357123692,df_recall_cc_wo_demo_ip
30.0,0.9014500537056928,0.7483888292158969,df_recall_cc_wo_demo_ip
31.0,0.9015557939914163,0.7481223175965666,df_recall_cc_wo_demo_ip
32.0,0.9014500537056928,0.7483888292158969,df_recall_cc_wo_demo_ip
33.0,0.9013970983342289,0.7485222998387964,df_recall_cc_wo_demo_ip
34.0,0.9013970983342289,0.7485222998387964,df_recall_cc_wo_demo_ip
35.0,0.9015821936175918,0.7481898632341111,df_recall_cc_wo_demo_ip
36.0,0.9014235831318829,0.7485898468976632,df_recall_cc_wo_demo_ip
37.0,0.9016150740242261,0.7489905787348586,df_recall_cc_wo_demo_ip
38.0,0.9014500537056928,0.7483888292158969,df_recall_cc_wo_demo_ip
39.0,0.9015821936175918,0.7481898632341111,df_recall_cc_wo_demo_ip
40.0,0.9016680118375033,0.7491256389561475,df_recall_cc_wo_demo_ip
41.0,0.9016415500538213,0.7490581270182992,df_recall_cc_wo_demo_ip
42.0,0.9015821936175918,0.7481898632341111,df_recall_cc_wo_demo_ip
43.0,0.9014235831318829,0.7485898468976632,df_recall_cc_wo_demo_ip
44.0,0.9014500537056928,0.7483888292158969,df_recall_cc_wo_demo_ip
45.0,0.9014235831318829,0.7485898468976632,df_recall_cc_wo_demo_ip
46.0,0.9015029522275899,0.7482555018786903,df_recall_cc_wo_demo_ip
47.0,0.9015864479698844,0.7491261091691315,df_recall_cc_wo_demo_ip
48.0,0.9013970983342289,0.7485222998387964,df_recall_cc_wo_demo_ip
49.0,0.9014500537056928,0.7483888292158969,df_recall_cc_wo_demo_ip
50.0,0.9016944593867671,0.74919311457773,df_recall_cc_wo_demo_ip
51.0,0.9013970983342289,0.7485222998387964,df_recall_cc_wo_demo_ip
52.0,0.9016967411796392,0.7489900350121196,df_recall_cc_wo_demo_ip
53.0,0.9016129032258065,0.7489247311827957,df_recall_cc_wo_demo_ip
54.0,0.9014235831318829,0.7485898468976632,df_recall_cc_wo_demo_ip
55.0,0.9012858290918832,0.7477899812483257,df_recall_cc_wo_demo_ip
56.0,0.9013970983342289,0.7485222998387964,df_recall_cc_wo_demo_ip
57.0,0.9014235831318829,0.7485898468976632,df_recall_cc_wo_demo_ip
58.0,0.9016680118375033,0.7491256389561475,df_recall_cc_wo_demo_ip
59.0,0.9015821936175918,0.7481898632341111,df_recall_cc_wo_demo_ip
60.0,0.9015864479698844,0.7491261091691315,df_recall_cc_wo_demo_ip
61.0,0.9014235831318829,0.7485898468976632,df_recall_cc_wo_demo_ip
62.0,0.9016944593867671,0.74919311457773,df_recall_cc_wo_demo_ip
63.0,0.9013705993012631,0.748723461435098,df_recall_cc_wo_demo_ip
64.0,0.901476510067114,0.7481879194630873,df_recall_cc_wo_demo_ip
65.0,0.9013705993012631,0.748723461435098,df_recall_cc_wo_demo_ip
66.0,0.9013970983342289,0.7485222998387964,df_recall_cc_wo_demo_ip
67.0,0.9016129032258065,0.7489247311827957,df_recall_cc_wo_demo_ip
68.0,0.9016129032258065,0.7489247311827957,df_recall_cc_wo_demo_ip
69.0,0.901476510067114,0.7481879194630873,df_recall_cc_wo_demo_ip
70.0,0.9016702586206896,0.7489224137931034,df_recall_cc_wo_demo_ip
71.0,0.9014235831318829,0.7485898468976632,df_recall_cc_wo_demo_ip
72.0,0.9013970983342289,0.7485222998387964,df_recall_cc_wo_demo_ip
73.0,0.9014235831318829,0.7485898468976632,df_recall_cc_wo_demo_ip
74.0,0.9013705993012631,0.748723461435098,df_recall_cc_wo_demo_ip
75.0,0.9016129032258065,0.7489247311827957,df_recall_cc_wo_demo_ip
76.0,0.9016129032258065,0.7489247311827957,df_recall_cc_wo_demo_ip
77.0,0.9013970983342289,0.7485222998387964,df_recall_cc_wo_demo_ip
78.0,0.9014500537056928,0.7483888292158969,df_recall_cc_wo_demo_ip
79.0,0.9013705993012631,0.748723461435098,df_recall_cc_wo_demo_ip
80.0,0.9013705993012631,0.748723461435098,df_recall_cc_wo_demo_ip
81.0,0.9013970983342289,0.7485222998387964,df_recall_cc_wo_demo_ip
82.0,0.9016680118375033,0.7491256389561475,df_recall_cc_wo_demo_ip
83.0,0.9013705993012631,0.748723461435098,df_recall_cc_wo_demo_ip
84.0,0.9016967411796392,0.7489900350121196,df_recall_cc_wo_demo_ip
85.0,0.9015864479698844,0.7491261091691315,df_recall_cc_wo_demo_ip
86.0,0.9013970983342289,0.7485222998387964,df_recall_cc_wo_demo_ip
87.0,0.9015557939914163,0.7481223175965666,df_recall_cc_wo_demo_ip
88.0,0.9015864479698844,0.7491261091691315,df_recall_cc_wo_demo_ip
89.0,0.901476510067114,0.7481879194630873,df_recall_cc_wo_demo_ip
90.0,0.9015029522275899,0.7482555018786903,df_recall_cc_wo_demo_ip
91.0,0.9015557939914163,0.7481223175965666,df_recall_cc_wo_demo_ip
92.0,0.9016944593867671,0.74919311457773,df_recall_cc_wo_demo_ip
93.0,0.9014500537056928,0.7483888292158969,df_recall_cc_wo_demo_ip
94.0,0.9014235831318829,0.7485898468976632,df_recall_cc_wo_demo_ip
95.0,0.9015029522275899,0.7482555018786903,df_recall_cc_wo_demo_ip
96.0,0.901476510067114,0.7481879194630873,df_recall_cc_wo_demo_ip
97.0,0.9015293801985511,0.7480547357123692,df_recall_cc_wo_demo_ip
98.0,0.9016680118375033,0.7491256389561475,df_recall_cc_wo_demo_ip
99.0,0.9013705993012631,0.748723461435098,df_recall_cc_wo_demo_ip
0.0,0.7679817498658078,0.5477724100912507,df_recall_nc_w_demo_ip
1.0,0.7679002413515688,0.5475998927326361,df_recall_nc_w_demo_ip
2.0,0.7675450389889755,0.5477278838397419,df_recall_nc_w_demo_ip
3.0,0.7677947891485362,0.547945205479452,df_recall_nc_w_demo_ip
4.0,0.7679817498658078,0.5477724100912507,df_recall_nc_w_demo_ip
5.0,0.7677947891485362,0.547945205479452,df_recall_nc_w_demo_ip
6.0,0.7677324019344438,0.5480924234282644,df_recall_nc_w_demo_ip
7.0,0.7676075268817204,0.5478494623655914,df_recall_nc_w_demo_ip
8.0,0.7678571428571429,0.547798066595059,df_recall_nc_w_demo_ip
9.0,0.7677324019344438,0.5480924234282644,df_recall_nc_w_demo_ip
10.0,0.7675544794188862,0.5477535647027173,df_recall_nc_w_demo_ip
11.0,0.7676075268817204,0.5478494623655914,df_recall_nc_w_demo_ip
12.0,0.7677610333692142,0.5479009687836384,df_recall_nc_w_demo_ip
13.0,0.7678379828326181,0.5474785407725322,df_recall_nc_w_demo_ip
14.0,0.7680495689655172,0.5482219827586207,df_recall_nc_w_demo_ip
15.0,0.7677324019344438,0.5480924234282644,df_recall_nc_w_demo_ip
16.0,0.7677324019344438,0.5480924234282644,df_recall_nc_w_demo_ip
17.0,0.7675450389889755,0.5477278838397419,df_recall_nc_w_demo_ip
18.0,0.7676169983862292,0.5478752017213556,df_recall_nc_w_demo_ip
19.0,0.7677324019344438,0.5480924234282644,df_recall_nc_w_demo_ip
20.0,0.7676699811878527,0.5479709755442086,df_recall_nc_w_demo_ip
21.0,0.7675450389889755,0.5477278838397419,df_recall_nc_w_demo_ip
22.0,0.7677324019344438,0.5480924234282644,df_recall_nc_w_demo_ip
23.0,0.7680246582685607,0.5475743768426695,df_recall_nc_w_demo_ip
24.0,0.7677947891485362,0.547945205479452,df_recall_nc_w_demo_ip
25.0,0.7678571428571429,0.547798066595059,df_recall_nc_w_demo_ip
26.0,0.7676699811878527,0.5479709755442086,df_recall_nc_w_demo_ip
27.0,0.7676699811878527,0.5479709755442086,df_recall_nc_w_demo_ip
28.0,0.7676699811878527,0.5479709755442086,df_recall_nc_w_demo_ip
29.0,0.7680440032197478,0.5476254360075128,df_recall_nc_w_demo_ip
30.0,0.7678571428571429,0.547798066595059,df_recall_nc_w_demo_ip
31.0,0.7678379828326181,0.5474785407725322,df_recall_nc_w_demo_ip
32.0,0.7678571428571429,0.547798066595059,df_recall_nc_w_demo_ip
33.0,0.7677324019344438,0.5480924234282644,df_recall_nc_w_demo_ip
34.0,0.7677324019344438,0.5480924234282644,df_recall_nc_w_demo_ip
35.0,0.7679002413515688,0.5475998927326361,df_recall_nc_w_demo_ip
36.0,0.7677947891485362,0.547945205479452,df_recall_nc_w_demo_ip
37.0,0.7679676985195155,0.5480484522207267,df_recall_nc_w_demo_ip
38.0,0.7678571428571429,0.547798066595059,df_recall_nc_w_demo_ip
39.0,0.7679002413515688,0.5475998927326361,df_recall_nc_w_demo_ip
40.0,0.7675544794188862,0.5477535647027173,df_recall_nc_w_demo_ip
41.0,0.7677610333692142,0.5479009687836384,df_recall_nc_w_demo_ip
42.0,0.7679002413515688,0.5475998927326361,df_recall_nc_w_demo_ip
43.0,0.7677947891485362,0.547945205479452,df_recall_nc_w_demo_ip
44.0,0.7678571428571429,0.547798066595059,df_recall_nc_w_demo_ip
45.0,0.7677947891485362,0.547945205479452,df_recall_nc_w_demo_ip
46.0,0.7679817498658078,0.5477724100912507,df_recall_nc_w_demo_ip
47.0,0.7675450389889755,0.5477278838397419,df_recall_nc_w_demo_ip
48.0,0.7677324019344438,0.5480924234282644,df_recall_nc_w_demo_ip
49.0,0.7678571428571429,0.547798066595059,df_recall_nc_w_demo_ip
50.0,0.7676169983862292,0.5478752017213556,df_recall_nc_w_demo_ip
51.0,0.7677324019344438,0.5480924234282644,df_recall_nc_w_demo_ip
52.0,0.7681120387826555,0.5483436574198761,df_recall_nc_w_demo_ip
53.0,0.7676075268817204,0.5478494623655914,df_recall_nc_w_demo_ip
54.0,0.7677947891485362,0.547945205479452,df_recall_nc_w_demo_ip
55.0,0.7680150013394053,0.5472810072327886,df_recall_nc_w_demo_ip
56.0,0.7677324019344438,0.5480924234282644,df_recall_nc_w_demo_ip
57.0,0.7677947891485362,0.547945205479452,df_recall_nc_w_demo_ip
58.0,0.7675544794188862,0.5477535647027173,df_recall_nc_w_demo_ip
59.0,0.7679002413515688,0.5475998927326361,df_recall_nc_w_demo_ip
60.0,0.7675450389889755,0.5477278838397419,df_recall_nc_w_demo_ip
61.0,0.7677947891485362,0.547945205479452,df_recall_nc_w_demo_ip
62.0,0.7676169983862292,0.5478752017213556,df_recall_nc_w_demo_ip
63.0,0.7676699811878527,0.5479709755442086,df_recall_nc_w_demo_ip
64.0,0.7679194630872483,0.5476510067114094,df_recall_nc_w_demo_ip
65.0,0.7676699811878527,0.5479709755442086,df_recall_nc_w_demo_ip
66.0,0.7677324019344438,0.5480924234282644,df_recall_nc_w_demo_ip
67.0,0.7676075268817204,0.5478494623655914,df_recall_nc_w_demo_ip
68.0,0.7676075268817204,0.5478494623655914,df_recall_nc_w_demo_ip
69.0,0.7679194630872483,0.5476510067114094,df_recall_nc_w_demo_ip
70.0,0.7680495689655172,0.5482219827586207,df_recall_nc_w_demo_ip
71.0,0.7677947891485362,0.547945205479452,df_recall_nc_w_demo_ip
72.0,0.7677324019344438,0.5480924234282644,df_recall_nc_w_demo_ip
73.0,0.7677947891485362,0.547945205479452,df_recall_nc_w_demo_ip
74.0,0.7676699811878527,0.5479709755442086,df_recall_nc_w_demo_ip
75.0,0.7676075268817204,0.5478494623655914,df_recall_nc_w_demo_ip
76.0,0.7676075268817204,0.5478494623655914,df_recall_nc_w_demo_ip
77.0,0.7677324019344438,0.5480924234282644,df_recall_nc_w_demo_ip
78.0,0.7678571428571429,0.547798066595059,df_recall_nc_w_demo_ip
79.0,0.7676699811878527,0.5479709755442086,df_recall_nc_w_demo_ip
80.0,0.7676699811878527,0.5479709755442086,df_recall_nc_w_demo_ip
81.0,0.7677324019344438,0.5480924234282644,df_recall_nc_w_demo_ip
82.0,0.7675544794188862,0.5477535647027173,df_recall_nc_w_demo_ip
83.0,0.7676699811878527,0.5479709755442086,df_recall_nc_w_demo_ip
84.0,0.7681120387826555,0.5483436574198761,df_recall_nc_w_demo_ip
85.0,0.7675450389889755,0.5477278838397419,df_recall_nc_w_demo_ip
86.0,0.7677324019344438,0.5480924234282644,df_recall_nc_w_demo_ip
87.0,0.7678379828326181,0.5474785407725322,df_recall_nc_w_demo_ip
88.0,0.7675450389889755,0.5477278838397419,df_recall_nc_w_demo_ip
89.0,0.7679194630872483,0.5476510067114094,df_recall_nc_w_demo_ip
90.0,0.7679817498658078,0.5477724100912507,df_recall_nc_w_demo_ip
91.0,0.7678379828326181,0.5474785407725322,df_recall_nc_w_demo_ip
92.0,0.7676169983862292,0.5478752017213556,df_recall_nc_w_demo_ip
93.0,0.7678571428571429,0.547798066595059,df_recall_nc_w_demo_ip
94.0,0.7677947891485362,0.547945205479452,df_recall_nc_w_demo_ip
95.0,0.7679817498658078,0.5477724100912507,df_recall_nc_w_demo_ip
96.0,0.7679194630872483,0.5476510067114094,df_recall_nc_w_demo_ip
97.0,0.7680440032197478,0.5476254360075128,df_recall_nc_w_demo_ip
98.0,0.7675544794188862,0.5477535647027173,df_recall_nc_w_demo_ip
99.0,0.7676699811878527,0.5479709755442086,df_recall_nc_w_demo_ip
0.0,0.7713365539452496,0.5411969940955448,df_recall_nc_wo_demo_ip
1.0,0.7712523464735854,0.5410297666934835,df_recall_nc_wo_demo_ip
2.0,0.7714439365420812,0.5419467598816886,df_recall_nc_wo_demo_ip
3.0,0.7711522965350524,0.5413644910018802,df_recall_nc_wo_demo_ip
4.0,0.7713365539452496,0.5411969940955448,df_recall_nc_wo_demo_ip
5.0,0.7711522965350524,0.5413644910018802,df_recall_nc_wo_demo_ip
6.0,0.7710908113917249,0.5415099408919936,df_recall_nc_wo_demo_ip
7.0,0.771505376344086,0.5418010752688172,df_recall_nc_wo_demo_ip
8.0,0.7712137486573577,0.541219119226638,df_recall_nc_wo_demo_ip
9.0,0.7710908113917249,0.5415099408919936,df_recall_nc_wo_demo_ip
10.0,0.7714554748453053,0.5419693301049233,df_recall_nc_wo_demo_ip
11.0,0.771505376344086,0.5418010752688172,df_recall_nc_wo_demo_ip
12.0,0.7713939720129172,0.5418460710441335,df_recall_nc_wo_demo_ip
13.0,0.7711909871244635,0.540906652360515,df_recall_nc_wo_demo_ip
14.0,0.771417025862069,0.5418911637931034,df_recall_nc_wo_demo_ip
15.0,0.7710908113917249,0.5415099408919936,df_recall_nc_wo_demo_ip
16.0,0.7710908113917249,0.5415099408919936,df_recall_nc_wo_demo_ip
17.0,0.7714439365420812,0.5419467598816886,df_recall_nc_wo_demo_ip
18.0,0.7715169445938677,0.5420925228617536,df_recall_nc_wo_demo_ip
19.0,0.7710908113917249,0.5415099408919936,df_recall_nc_wo_demo_ip
20.0,0.7712980381617844,0.541655468959957,df_recall_nc_wo_demo_ip
21.0,0.7714439365420812,0.5419467598816886,df_recall_nc_wo_demo_ip
22.0,0.7710908113917249,0.5415099408919936,df_recall_nc_wo_demo_ip
23.0,0.7711069418386491,0.5410077727150898,df_recall_nc_wo_demo_ip
24.0,0.7711522965350524,0.5413644910018802,df_recall_nc_wo_demo_ip
25.0,0.7712137486573577,0.541219119226638,df_recall_nc_wo_demo_ip
26.0,0.7712980381617844,0.541655468959957,df_recall_nc_wo_demo_ip
27.0,0.7712980381617844,0.541655468959957,df_recall_nc_wo_demo_ip
28.0,0.7712980381617844,0.541655468959957,df_recall_nc_wo_demo_ip
29.0,0.7713979071639389,0.5410517842768983,df_recall_nc_wo_demo_ip
30.0,0.7712137486573577,0.541219119226638,df_recall_nc_wo_demo_ip
31.0,0.7711909871244635,0.540906652360515,df_recall_nc_wo_demo_ip
32.0,0.7712137486573577,0.541219119226638,df_recall_nc_wo_demo_ip
33.0,0.7710908113917249,0.5415099408919936,df_recall_nc_wo_demo_ip
34.0,0.7710908113917249,0.5415099408919936,df_recall_nc_wo_demo_ip
35.0,0.7712523464735854,0.5410297666934835,df_recall_nc_wo_demo_ip
36.0,0.7711522965350524,0.5413644910018802,df_recall_nc_wo_demo_ip
37.0,0.7713324360699866,0.5417227456258412,df_recall_nc_wo_demo_ip
38.0,0.7712137486573577,0.541219119226638,df_recall_nc_wo_demo_ip
39.0,0.7712523464735854,0.5410297666934835,df_recall_nc_wo_demo_ip
40.0,0.7714554748453053,0.5419693301049233,df_recall_nc_wo_demo_ip
41.0,0.7713939720129172,0.5418460710441335,df_recall_nc_wo_demo_ip
42.0,0.7712523464735854,0.5410297666934835,df_recall_nc_wo_demo_ip
43.0,0.7711522965350524,0.5413644910018802,df_recall_nc_wo_demo_ip
44.0,0.7712137486573577,0.541219119226638,df_recall_nc_wo_demo_ip
45.0,0.7711522965350524,0.5413644910018802,df_recall_nc_wo_demo_ip
46.0,0.7713365539452496,0.5411969940955448,df_recall_nc_wo_demo_ip
47.0,0.7714439365420812,0.5419467598816886,df_recall_nc_wo_demo_ip
48.0,0.7710908113917249,0.5415099408919936,df_recall_nc_wo_demo_ip
49.0,0.7712137486573577,0.541219119226638,df_recall_nc_wo_demo_ip
50.0,0.7715169445938677,0.5420925228617536,df_recall_nc_wo_demo_ip
51.0,0.7710908113917249,0.5415099408919936,df_recall_nc_wo_demo_ip
52.0,0.7714785887422569,0.5420145434958255,df_recall_nc_wo_demo_ip
53.0,0.771505376344086,0.5418010752688172,df_recall_nc_wo_demo_ip
54.0,0.7711522965350524,0.5413644910018802,df_recall_nc_wo_demo_ip
55.0,0.7706938119474953,0.5407179212429681,df_recall_nc_wo_demo_ip
56.0,0.7710908113917249,0.5415099408919936,df_recall_nc_wo_demo_ip
57.0,0.7711522965350524,0.5413644910018802,df_recall_nc_wo_demo_ip
58.0,0.7714554748453053,0.5419693301049233,df_recall_nc_wo_demo_ip
59.0,0.7712523464735854,0.5410297666934835,df_recall_nc_wo_demo_ip
60.0,0.7714439365420812,0.5419467598816886,df_recall_nc_wo_demo_ip
61.0,0.7711522965350524,0.5413644910018802,df_recall_nc_wo_demo_ip
62.0,0.7715169445938677,0.5420925228617536,df_recall_nc_wo_demo_ip
63.0,0.7712980381617844,0.541655468959957,df_recall_nc_wo_demo_ip
64.0,0.7712751677852349,0.5410738255033557,df_recall_nc_wo_demo_ip
65.0,0.7712980381617844,0.541655468959957,df_recall_nc_wo_demo_ip
66.0,0.7710908113917249,0.5415099408919936,df_recall_nc_wo_demo_ip
67.0,0.771505376344086,0.5418010752688172,df_recall_nc_wo_demo_ip
68.0,0.771505376344086,0.5418010752688172,df_recall_nc_wo_demo_ip
69.0,0.7712751677852349,0.5410738255033557,df_recall_nc_wo_demo_ip
70.0,0.771417025862069,0.5418911637931034,df_recall_nc_wo_demo_ip
71.0,0.7711522965350524,0.5413644910018802,df_recall_nc_wo_demo_ip
72.0,0.7710908113917249,0.5415099408919936,df_recall_nc_wo_demo_ip
73.0,0.7711522965350524,0.5413644910018802,df_recall_nc_wo_demo_ip
74.0,0.7712980381617844,0.541655468959957,df_recall_nc_wo_demo_ip
75.0,0.771505376344086,0.5418010752688172,df_recall_nc_wo_demo_ip
76.0,0.771505376344086,0.5418010752688172,df_recall_nc_wo_demo_ip
77.0,0.7710908113917249,0.5415099408919936,df_recall_nc_wo_demo_ip
78.0,0.7712137486573577,0.541219119226638,df_recall_nc_wo_demo_ip
79.0,0.7712980381617844,0.541655468959957,df_recall_nc_wo_demo_ip
80.0,0.7712980381617844,0.541655468959957,df_recall_nc_wo_demo_ip
81.0,0.7710908113917249,0.5415099408919936,df_recall_nc_wo_demo_ip
82.0,0.7714554748453053,0.5419693301049233,df_recall_nc_wo_demo_ip
83.0,0.7712980381617844,0.541655468959957,df_recall_nc_wo_demo_ip
84.0,0.7714785887422569,0.5420145434958255,df_recall_nc_wo_demo_ip
85.0,0.7714439365420812,0.5419467598816886,df_recall_nc_wo_demo_ip
86.0,0.7710908113917249,0.5415099408919936,df_recall_nc_wo_demo_ip
87.0,0.7711909871244635,0.540906652360515,df_recall_nc_wo_demo_ip
88.0,0.7714439365420812,0.5419467598816886,df_recall_nc_wo_demo_ip
89.0,0.7712751677852349,0.5410738255033557,df_recall_nc_wo_demo_ip
90.0,0.7713365539452496,0.5411969940955448,df_recall_nc_wo_demo_ip
91.0,0.7711909871244635,0.540906652360515,df_recall_nc_wo_demo_ip
92.0,0.7715169445938677,0.5420925228617536,df_recall_nc_wo_demo_ip
93.0,0.7712137486573577,0.541219119226638,df_recall_nc_wo_demo_ip
94.0,0.7711522965350524,0.5413644910018802,df_recall_nc_wo_demo_ip
95.0,0.7713365539452496,0.5411969940955448,df_recall_nc_wo_demo_ip
96.0,0.7712751677852349,0.5410738255033557,df_recall_nc_wo_demo_ip
97.0,0.7713979071639389,0.5410517842768983,df_recall_nc_wo_demo_ip
98.0,0.7714554748453053,0.5419693301049233,df_recall_nc_wo_demo_ip
99.0,0.7712980381617844,0.541655468959957,df_recall_nc_wo_demo_ip